query_idx,profile,primary_attr,attr0_low,attr0_high,attr1_low,attr1_high,attr2_low,attr2_high,attr3_low,attr3_high,expected_top10
0,attr0_nav_sel0.01,0,0,31622,49265,80887,20227,51849,68377,99999,
1,attr1_nav_sel0.01,1,33430,65052,0,31622,43161,74783,0,31622,
2,attr2_nav_sel0.01,2,33393,65015,33998,65620,8236,39858,5985,37607,
3,attr3_nav_sel0.01,3,30920,62542,44550,76172,45359,76981,57814,89436,
4,balanced_sel0.01,0,53742,85364,10343,41965,13675,45297,47286,78908,
5,attr0_nav_sel0.01,0,68377,99999,68377,99999,39363,70985,46248,77870,
6,attr1_nav_sel0.01,1,0,31622,49616,81238,54218,85840,50726,82348,
7,attr2_nav_sel0.01,2,0,31622,45520,77142,53414,85036,46566,78188,
8,attr3_nav_sel0.01,3,61704,93326,0,31622,0,31622,31121,62743,
9,balanced_sel0.01,0,0,31622,68377,99999,62555,94177,40099,71721,
10,attr0_nav_sel0.01,0,26298,57920,26902,58524,49823,81445,29359,60981,
11,attr1_nav_sel0.01,1,68377,99999,34914,66536,68377,99999,0,31622,
12,attr2_nav_sel0.01,2,31525,63147,19893,51515,525,32147,333,31955,
13,attr3_nav_sel0.01,3,53754,85376,68377,99999,68377,99999,0,31622,
14,balanced_sel0.01,0,31734,63356,68377,99999,0,31622,28959,60581,
15,attr0_nav_sel0.01,0,0,31622,11869,43491,59552,91174,28364,59986,
16,attr1_nav_sel0.01,1,47725,79347,57034,88656,63964,95586,0,31622,
17,attr2_nav_sel0.01,2,68377,99999,0,31622,35483,67105,2050,33672,
18,attr3_nav_sel0.01,3,1155,32777,60700,92322,4068,35690,65330,96952,
19,balanced_sel0.01,0,67787,99409,0,31622,46693,78315,0,31622,
20,attr0_nav_sel0.01,0,61753,93375,0,31622,16908,48530,11275,42897,
21,attr1_nav_sel0.01,1,63253,94875,0,31622,65938,97560,31021,62643,
22,attr2_nav_sel0.01,2,0,31622,68377,99999,17672,49294,0,31622,
23,attr3_nav_sel0.01,3,1474,33096,68377,99999,0,31622,0,31622,
24,balanced_sel0.01,0,33898,65520,68377,99999,11111,42733,68377,99999,
25,attr0_nav_sel0.01,0,10234,41856,0,31622,68377,99999,1591,33213,
26,attr1_nav_sel0.01,1,49410,81032,28070,59692,60109,91731,24480,56102,
27,attr2_nav_sel0.01,2,68377,99999,7866,39488,28245,59867,19696,51318,
28,attr3_nav_sel0.01,3,26676,58298,16509,48131,7735,39357,15352,46974,
29,balanced_sel0.01,0,58161,89783,9550,41172,36760,68382,56989,88611,
30,attr0_nav_sel0.01,0,14385,46007,68377,99999,68377,99999,68377,99999,
31,attr1_nav_sel0.01,1,4760,36382,50985,82607,0,31622,41977,73599,
32,attr2_nav_sel0.01,2,21724,53346,55208,86830,25475,57097,0,31622,
33,attr3_nav_sel0.01,3,56496,88118,11282,42904,30714,62336,4077,35699,
34,balanced_sel0.01,0,16026,47648,11234,42856,68377,99999,68377,99999,
35,attr0_nav_sel0.01,0,68377,99999,12350,43972,44565,76187,29528,61150,
36,attr1_nav_sel0.01,1,64931,96553,56693,88315,68377,99999,13408,45030,
37,attr2_nav_sel0.01,2,6822,38444,28803,60425,0,31622,68280,99902,
38,attr3_nav_sel0.01,3,68377,99999,41813,73435,68377,99999,33996,65618,
39,balanced_sel0.01,0,9972,41594,51313,82935,68377,99999,68377,99999,
40,attr0_nav_sel0.01,0,51637,83259,0,31622,63184,94806,38753,70375,
41,attr1_nav_sel0.01,1,68377,99999,45574,77196,31178,62800,0,31622,
42,attr2_nav_sel0.01,2,35373,66995,10061,41683,63201,94823,0,31622,
43,attr3_nav_sel0.01,3,68377,99999,54967,86589,15235,46857,0,31622,
44,balanced_sel0.01,0,67179,98801,68377,99999,13413,45035,31446,63068,
45,attr0_nav_sel0.01,0,48182,79804,35151,66773,68377,99999,44874,76496,
46,attr1_nav_sel0.01,1,15648,47270,49389,81011,42008,73630,33568,65190,
47,attr2_nav_sel0.01,2,51787,83409,28538,60160,9568,41190,0,31622,
48,attr3_nav_sel0.01,3,27598,59220,68377,99999,0,31622,48906,80528,
49,balanced_sel0.01,0,11630,43252,52431,84053,63571,95193,20921,52543,
50,attr0_nav_sel0.01,0,65813,97435,38544,70166,66332,97954,14511,46133,
51,attr1_nav_sel0.01,1,0,31622,68377,99999,68377,99999,68213,99835,
52,attr2_nav_sel0.01,2,4183,35805,61946,93568,46837,78459,27167,58789,
53,attr3_nav_sel0.01,3,0,31622,68377,99999,68377,99999,16774,48396,
54,balanced_sel0.01,0,2685,34307,0,31622,68377,99999,0,31622,
55,attr0_nav_sel0.01,0,68377,99999,0,31622,0,31622,11049,42671,
56,attr1_nav_sel0.01,1,16443,48065,68377,99999,29487,61109,34372,65994,
57,attr2_nav_sel0.01,2,68377,99999,63317,94939,68177,99799,0,31622,
58,attr3_nav_sel0.01,3,68377,99999,47968,79590,68377,99999,15178,46800,
59,balanced_sel0.01,0,46058,77680,0,31622,64369,95991,27834,59456,
60,attr0_nav_sel0.01,0,22733,54355,1819,33441,37407,69029,32153,63775,
61,attr1_nav_sel0.01,1,45258,76880,12101,43723,59832,91454,0,31622,
62,attr2_nav_sel0.01,2,0,31622,21082,52704,68377,99999,0,31622,
63,attr3_nav_sel0.01,3,68377,99999,5037,36659,43567,75189,0,31622,
64,balanced_sel0.01,0,0,31622,3489,35111,68377,99999,24855,56477,
65,attr0_nav_sel0.01,0,27316,58938,0,31622,10119,41741,46243,77865,
66,attr1_nav_sel0.01,1,36196,67818,707,32329,59797,91419,25955,57577,
67,attr2_nav_sel0.01,2,43177,74799,51,31673,21549,53171,54092,85714,
68,attr3_nav_sel0.01,3,68377,99999,0,31622,0,31622,42098,73720,
69,balanced_sel0.01,0,66175,97797,0,31622,10431,42053,31020,62642,
70,attr0_nav_sel0.01,0,68377,99999,21159,52781,3816,35438,52090,83712,
71,attr1_nav_sel0.01,1,18626,50248,66754,98376,11821,43443,49850,81472,
72,attr2_nav_sel0.01,2,2979,34601,37528,69150,58840,90462,32359,63981,
73,attr3_nav_sel0.01,3,2412,34034,32505,64127,25696,57318,25261,56883,
74,balanced_sel0.01,0,3151,34773,0,31622,0,31622,68377,99999,
75,attr0_nav_sel0.01,0,68377,99999,46252,77874,43260,74882,5752,37374,
76,attr1_nav_sel0.01,1,44532,76154,0,31622,0,31622,15213,46835,
77,attr2_nav_sel0.01,2,23723,55345,56503,88125,37233,68855,43786,75408,
78,attr3_nav_sel0.01,3,65117,96739,0,31622,36082,67704,68377,99999,
79,balanced_sel0.01,0,10622,42244,49561,81183,0,31622,68377,99999,
80,attr0_nav_sel0.01,0,0,31622,59194,90816,57838,89460,58176,89798,
81,attr1_nav_sel0.01,1,6308,37930,27171,58793,28807,60429,9803,41425,
82,attr2_nav_sel0.01,2,68377,99999,68377,99999,44814,76436,0,31622,
83,attr3_nav_sel0.01,3,34311,65933,32110,63732,68377,99999,41365,72987,
84,balanced_sel0.01,0,22996,54618,28058,59680,61825,93447,27536,59158,
85,attr0_nav_sel0.01,0,51453,83075,68377,99999,52135,83757,68377,99999,
86,attr1_nav_sel0.01,1,25023,56645,1412,33034,6489,38111,49968,81590,
87,attr2_nav_sel0.01,2,16048,47670,33932,65554,52775,84397,39886,71508,
88,attr3_nav_sel0.01,3,0,31622,0,31622,38201,69823,68377,99999,
89,balanced_sel0.01,0,27919,59541,68377,99999,28519,60141,46999,78621,
90,attr0_nav_sel0.01,0,56995,88617,5988,37610,0,31622,67866,99488,
91,attr1_nav_sel0.01,1,5161,36783,6009,37631,40513,72135,33372,64994,
92,attr2_nav_sel0.01,2,50210,81832,68377,99999,0,31622,0,31622,
93,attr3_nav_sel0.01,3,33417,65039,12540,44162,34013,65635,26074,57696,
94,balanced_sel0.01,0,5836,37458,7234,38856,8656,40278,0,31622,
95,attr0_nav_sel0.01,0,34111,65733,59232,90854,0,31622,23224,54846,
96,attr1_nav_sel0.01,1,68377,99999,40426,72048,39785,71407,68377,99999,
97,attr2_nav_sel0.01,2,49006,80628,62815,94437,8712,40334,25629,57251,
98,attr3_nav_sel0.01,3,0,31622,52576,84198,21163,52785,0,31622,
99,balanced_sel0.01,0,55317,86939,5487,37109,24156,55778,61488,93110,
100,attr0_nav_sel0.01,0,28620,60242,65191,96813,63049,94671,46443,78065,
101,attr1_nav_sel0.01,1,0,31622,68377,99999,48355,79977,36066,67688,
102,attr2_nav_sel0.01,2,0,31622,68377,99999,28852,60474,0,31622,
103,attr3_nav_sel0.01,3,68377,99999,27653,59275,39315,70937,47396,79018,
104,balanced_sel0.01,0,68377,99999,54994,86616,49066,80688,68377,99999,
105,attr0_nav_sel0.01,0,41479,73101,36146,67768,50207,81829,41364,72986,
106,attr1_nav_sel0.01,1,469,32091,68377,99999,38015,69637,68377,99999,
107,attr2_nav_sel0.01,2,21460,53082,12920,44542,16828,48450,67306,98928,
108,attr3_nav_sel0.01,3,66472,98094,6363,37985,9382,41004,39698,71320,
109,balanced_sel0.01,0,68377,99999,63728,95350,0,31622,13218,44840,
110,attr0_nav_sel0.01,0,68377,99999,33607,65229,50175,81797,4883,36505,
111,attr1_nav_sel0.01,1,4006,35628,0,31622,68377,99999,6562,38184,
112,attr2_nav_sel0.01,2,54857,86479,67377,98999,46963,78585,527,32149,
113,attr3_nav_sel0.01,3,44381,76003,61106,92728,43833,75455,62883,94505,
114,balanced_sel0.01,0,0,31622,4887,36509,52967,84589,30130,61752,
115,attr0_nav_sel0.01,0,68377,99999,12164,43786,39211,70833,18358,49980,
116,attr1_nav_sel0.01,1,51488,83110,27710,59332,68377,99999,62192,93814,
117,attr2_nav_sel0.01,2,66397,98019,0,31622,0,31622,28715,60337,
118,attr3_nav_sel0.01,3,9688,41310,30457,62079,17398,49020,68377,99999,
119,balanced_sel0.01,0,0,31622,54428,86050,58451,90073,21586,53208,
120,attr0_nav_sel0.01,0,68377,99999,11116,42738,0,31622,14735,46357,
121,attr1_nav_sel0.01,1,65991,97613,46207,77829,7949,39571,45636,77258,
122,attr2_nav_sel0.01,2,7141,38763,68377,99999,68377,99999,49988,81610,
123,attr3_nav_sel0.01,3,0,31622,22622,54244,4993,36615,33022,64644,
124,balanced_sel0.01,0,0,31622,8845,40467,1785,33407,67376,98998,
125,attr0_nav_sel0.01,0,27822,59444,5067,36689,12679,44301,68377,99999,
126,attr1_nav_sel0.01,1,34235,65857,48374,79996,62846,94468,32561,64183,
127,attr2_nav_sel0.01,2,68377,99999,34877,66499,68377,99999,42045,73667,
128,attr3_nav_sel0.01,3,49873,81495,68377,99999,33129,64751,37228,68850,
129,balanced_sel0.01,0,68377,99999,19026,50648,68377,99999,48898,80520,
130,attr0_nav_sel0.01,0,0,31622,60692,92314,42354,73976,39254,70876,
131,attr1_nav_sel0.01,1,45721,77343,0,31622,22744,54366,49305,80927,
132,attr2_nav_sel0.01,2,31440,63062,52198,83820,68377,99999,44504,76126,
133,attr3_nav_sel0.01,3,0,31622,39771,71393,42616,74238,0,31622,
134,balanced_sel0.01,0,0,31622,66553,98175,31623,63245,68377,99999,
135,attr0_nav_sel0.01,0,64762,96384,68377,99999,61047,92669,39441,71063,
136,attr1_nav_sel0.01,1,9850,41472,0,31622,32422,64044,68377,99999,
137,attr2_nav_sel0.01,2,13648,45270,68377,99999,20728,52350,38961,70583,
138,attr3_nav_sel0.01,3,68377,99999,44343,75965,67048,98670,0,31622,
139,balanced_sel0.01,0,43174,74796,10586,42208,68377,99999,52543,84165,
140,attr0_nav_sel0.01,0,40696,72318,32941,64563,51964,83586,9572,41194,
141,attr1_nav_sel0.01,1,24268,55890,28793,60415,68377,99999,45990,77612,
142,attr2_nav_sel0.01,2,36527,68149,68377,99999,61645,93267,8424,40046,
143,attr3_nav_sel0.01,3,13796,45418,65638,97260,58364,89986,55898,87520,
144,balanced_sel0.01,0,0,31622,62451,94073,32512,64134,68377,99999,
145,attr0_nav_sel0.01,0,26434,58056,0,31622,0,31622,52470,84092,
146,attr1_nav_sel0.01,1,68377,99999,54055,85677,40841,72463,68377,99999,
147,attr2_nav_sel0.01,2,0,31622,57468,89090,68377,99999,0,31622,
148,attr3_nav_sel0.01,3,50712,82334,2506,34128,16571,48193,45793,77415,
149,balanced_sel0.01,0,33268,64890,47819,79441,68377,99999,11912,43534,
150,attr0_nav_sel0.01,0,55615,87237,1538,33160,23939,55561,44705,76327,
151,attr1_nav_sel0.01,1,56440,88062,56670,88292,68377,99999,68377,99999,
152,attr2_nav_sel0.01,2,37999,69621,68377,99999,55023,86645,12896,44518,
153,attr3_nav_sel0.01,3,58668,90290,67090,98712,0,31622,0,31622,
154,balanced_sel0.01,0,53575,85197,58986,90608,68377,99999,47379,79001,
155,attr0_nav_sel0.01,0,68377,99999,931,32553,0,31622,0,31622,
156,attr1_nav_sel0.01,1,68377,99999,7937,39559,68377,99999,0,31622,
157,attr2_nav_sel0.01,2,68065,99687,5351,36973,27267,58889,68377,99999,
158,attr3_nav_sel0.01,3,68377,99999,67689,99311,18462,50084,68377,99999,
159,balanced_sel0.01,0,37497,69119,68377,99999,68377,99999,49047,80669,
160,attr0_nav_sel0.01,0,14307,45929,17187,48809,37700,69322,22188,53810,
161,attr1_nav_sel0.01,1,25637,57259,51679,83301,2030,33652,68377,99999,
162,attr2_nav_sel0.01,2,24807,56429,63547,95169,30382,62004,25035,56657,
163,attr3_nav_sel0.01,3,0,31622,22315,53937,4417,36039,0,31622,
164,balanced_sel0.01,0,66880,98502,21330,52952,22923,54545,31096,62718,
165,attr0_nav_sel0.01,0,43036,74658,0,31622,34066,65688,0,31622,
166,attr1_nav_sel0.01,1,0,31622,5110,36732,61010,92632,0,31622,
167,attr2_nav_sel0.01,2,4400,36022,68377,99999,2198,33820,66440,98062,
168,attr3_nav_sel0.01,3,45642,77264,68377,99999,9783,41405,20375,51997,
169,balanced_sel0.01,0,12699,44321,48073,79695,59749,91371,8395,40017,
170,attr0_nav_sel0.01,0,48335,79957,53994,85616,68377,99999,68377,99999,
171,attr1_nav_sel0.01,1,0,31622,68377,99999,0,31622,29748,61370,
172,attr2_nav_sel0.01,2,0,31622,14056,45678,47786,79408,0,31622,
173,attr3_nav_sel0.01,3,0,31622,0,31622,4744,36366,66616,98238,
174,balanced_sel0.01,0,14922,46544,68377,99999,43891,75513,68377,99999,
175,attr0_nav_sel0.01,0,68377,99999,42772,74394,0,31622,68377,99999,
176,attr1_nav_sel0.01,1,0,31622,0,31622,0,31622,33204,64826,
177,attr2_nav_sel0.01,2,62694,94316,68377,99999,68377,99999,30559,62181,
178,attr3_nav_sel0.01,3,48550,80172,68377,99999,16048,47670,68377,99999,
179,balanced_sel0.01,0,23491,55113,34273,65895,68377,99999,31956,63578,
180,attr0_nav_sel0.01,0,47927,79549,13362,44984,26345,57967,33461,65083,
181,attr1_nav_sel0.01,1,68377,99999,0,31622,15930,47552,5811,37433,
182,attr2_nav_sel0.01,2,21400,53022,54722,86344,36047,67669,68377,99999,
183,attr3_nav_sel0.01,3,8236,39858,68377,99999,23252,54874,30728,62350,
184,balanced_sel0.01,0,68377,99999,68377,99999,1287,32909,53364,84986,
185,attr0_nav_sel0.01,0,68377,99999,57690,89312,68377,99999,68377,99999,
186,attr1_nav_sel0.01,1,68377,99999,46782,78404,59987,91609,5957,37579,
187,attr2_nav_sel0.01,2,68377,99999,45100,76722,34756,66378,40254,71876,
188,attr3_nav_sel0.01,3,18513,50135,68377,99999,42124,73746,0,31622,
189,balanced_sel0.01,0,19375,50997,0,31622,63001,94623,1692,33314,
190,attr0_nav_sel0.01,0,0,31622,51428,83050,37294,68916,60443,92065,
191,attr1_nav_sel0.01,1,5296,36918,53522,85144,37583,69205,20464,52086,
192,attr2_nav_sel0.01,2,68377,99999,66219,97841,68377,99999,68377,99999,
193,attr3_nav_sel0.01,3,51325,82947,0,31622,68377,99999,8422,40044,
194,balanced_sel0.01,0,13861,45483,0,31622,58275,89897,35781,67403,
195,attr0_nav_sel0.01,0,0,31622,2471,34093,68377,99999,65092,96714,
196,attr1_nav_sel0.01,1,67766,99388,42870,74492,31327,62949,41273,72895,
197,attr2_nav_sel0.01,2,10516,42138,0,31622,59192,90814,40179,71801,
198,attr3_nav_sel0.01,3,0,31622,57652,89274,16478,48100,68377,99999,
199,balanced_sel0.01,0,68377,99999,14568,46190,0,31622,0,31622,
200,attr0_nav_sel0.01,0,24871,56493,58321,89943,29804,61426,1086,32708,
201,attr1_nav_sel0.01,1,5247,36869,68377,99999,40991,72613,45094,76716,
202,attr2_nav_sel0.01,2,33875,65497,22441,54063,42901,74523,33564,65186,
203,attr3_nav_sel0.01,3,51696,83318,0,31622,15797,47419,61237,92859,
204,balanced_sel0.01,0,22936,54558,0,31622,18113,49735,67260,98882,
205,attr0_nav_sel0.01,0,58849,90471,2601,34223,5866,37488,41705,73327,
206,attr1_nav_sel0.01,1,46398,78020,36432,68054,43427,75049,39398,71020,
207,attr2_nav_sel0.01,2,2338,33960,60025,91647,64782,96404,0,31622,
208,attr3_nav_sel0.01,3,40499,72121,7755,39377,24463,56085,55088,86710,
209,balanced_sel0.01,0,68377,99999,3809,35431,61065,92687,35930,67552,
210,attr0_nav_sel0.01,0,41895,73517,62712,94334,65907,97529,68377,99999,
211,attr1_nav_sel0.01,1,21866,53488,68377,99999,45637,77259,25786,57408,
212,attr2_nav_sel0.01,2,62892,94514,318,31940,65759,97381,47209,78831,
213,attr3_nav_sel0.01,3,0,31622,17937,49559,62483,94105,48028,79650,
214,balanced_sel0.01,0,0,31622,49647,81269,56313,87935,68377,99999,
215,attr0_nav_sel0.01,0,0,31622,63618,95240,0,31622,32615,64237,
216,attr1_nav_sel0.01,1,44211,75833,45531,77153,68377,99999,7081,38703,
217,attr2_nav_sel0.01,2,28162,59784,24947,56569,18889,50511,11613,43235,
218,attr3_nav_sel0.01,3,0,31622,68377,99999,0,31622,68377,99999,
219,balanced_sel0.01,0,24419,56041,12475,44097,23423,55045,0,31622,
220,attr0_nav_sel0.01,0,52035,83657,68377,99999,0,31622,62329,93951,
221,attr1_nav_sel0.01,1,10684,42306,13979,45601,0,31622,37884,69506,
222,attr2_nav_sel0.01,2,68377,99999,66780,98402,23322,54944,4624,36246,
223,attr3_nav_sel0.01,3,68377,99999,68377,99999,27900,59522,9757,41379,
224,balanced_sel0.01,0,68077,99699,44225,75847,68377,99999,68377,99999,
225,attr0_nav_sel0.01,0,58198,89820,0,31622,1476,33098,61721,93343,
226,attr1_nav_sel0.01,1,18192,49814,0,31622,43940,75562,68377,99999,
227,attr2_nav_sel0.01,2,27035,58657,68377,99999,63519,95141,7743,39365,
228,attr3_nav_sel0.01,3,48840,80462,24956,56578,65342,96964,64092,95714,
229,balanced_sel0.01,0,57208,88830,68377,99999,38857,70479,68377,99999,
230,attr0_nav_sel0.01,0,68377,99999,43817,75439,26088,57710,0,31622,
231,attr1_nav_sel0.01,1,68377,99999,53083,84705,47146,78768,21100,52722,
232,attr2_nav_sel0.01,2,55095,86717,14478,46100,0,31622,52011,83633,
233,attr3_nav_sel0.01,3,68377,99999,31052,62674,62025,93647,48062,79684,
234,balanced_sel0.01,0,58437,90059,0,31622,27956,59578,0,31622,
235,attr0_nav_sel0.01,0,68377,99999,34026,65648,34486,66108,68377,99999,
236,attr1_nav_sel0.01,1,23371,54993,46853,78475,36039,67661,68377,99999,
237,attr2_nav_sel0.01,2,0,31622,41295,72917,8211,39833,68377,99999,
238,attr3_nav_sel0.01,3,68377,99999,68377,99999,31302,62924,34775,66397,
239,balanced_sel0.01,0,40928,72550,15426,47048,36302,67924,18906,50528,
240,attr0_nav_sel0.01,0,19889,51511,0,31622,52183,83805,44571,76193,
241,attr1_nav_sel0.01,1,18751,50373,31293,62915,57173,88795,42538,74160,
242,attr2_nav_sel0.01,2,20881,52503,28824,60446,52372,83994,51652,83274,
243,attr3_nav_sel0.01,3,68377,99999,61927,93549,42206,73828,34782,66404,
244,balanced_sel0.01,0,44772,76394,62866,94488,58486,90108,4158,35780,
245,attr0_nav_sel0.01,0,21299,52921,911,32533,49575,81197,60275,91897,
246,attr1_nav_sel0.01,1,27299,58921,68377,99999,31611,63233,0,31622,
247,attr2_nav_sel0.01,2,49788,81410,44943,76565,62833,94455,33725,65347,
248,attr3_nav_sel0.01,3,0,31622,68377,99999,37313,68935,0,31622,
249,balanced_sel0.01,0,0,31622,65435,97057,44,31666,17991,49613,
250,attr0_nav_sel0.01,0,39656,71278,50012,81634,22357,53979,22045,53667,
251,attr1_nav_sel0.01,1,59776,91398,20750,52372,0,31622,39096,70718,
252,attr2_nav_sel0.01,2,501,32123,7088,38710,39039,70661,50053,81675,
253,attr3_nav_sel0.01,3,0,31622,59990,91612,1739,33361,68377,99999,
254,balanced_sel0.01,0,68377,99999,37806,69428,45053,76675,68377,99999,
255,attr0_nav_sel0.01,0,24283,55905,43082,74704,49942,81564,0,31622,
256,attr1_nav_sel0.01,1,0,31622,0,31622,0,31622,8262,39884,
257,attr2_nav_sel0.01,2,0,31622,0,31622,10542,42164,56478,88100,
258,attr3_nav_sel0.01,3,45831,77453,10467,42089,31239,62861,34603,66225,
259,balanced_sel0.01,0,41656,73278,56476,88098,35442,67064,68377,99999,
260,attr0_nav_sel0.01,0,67487,99109,0,31622,14200,45822,42501,74123,
261,attr1_nav_sel0.01,1,0,31622,32889,64511,13387,45009,68377,99999,
262,attr2_nav_sel0.01,2,61245,92867,0,31622,38214,69836,59618,91240,
263,attr3_nav_sel0.01,3,68377,99999,66062,97684,40178,71800,19154,50776,
264,balanced_sel0.01,0,0,31622,29266,60888,66154,97776,68227,99849,
265,attr0_nav_sel0.01,0,53402,85024,42651,74273,25089,56711,63498,95120,
266,attr1_nav_sel0.01,1,33080,64702,124,31746,0,31622,0,31622,
267,attr2_nav_sel0.01,2,68377,99999,52916,84538,0,31622,36878,68500,
268,attr3_nav_sel0.01,3,29989,61611,39527,71149,23727,55349,4714,36336,
269,balanced_sel0.01,0,0,31622,49611,81233,52042,83664,57736,89358,
270,attr0_nav_sel0.01,0,61930,93552,0,31622,34735,66357,68377,99999,
271,attr1_nav_sel0.01,1,29343,60965,66026,97648,52229,83851,68377,99999,
272,attr2_nav_sel0.01,2,53555,85177,68377,99999,62666,94288,49033,80655,
273,attr3_nav_sel0.01,3,40596,72218,0,31622,68377,99999,45261,76883,
274,balanced_sel0.01,0,0,31622,22372,53994,68377,99999,0,31622,
275,attr0_nav_sel0.01,0,68377,99999,20424,52046,23341,54963,1508,33130,
276,attr1_nav_sel0.01,1,68377,99999,53530,85152,0,31622,6837,38459,
277,attr2_nav_sel0.01,2,39219,70841,47093,78715,68377,99999,19484,51106,
278,attr3_nav_sel0.01,3,9194,40816,68377,99999,0,31622,34286,65908,
279,balanced_sel0.01,0,6168,37790,68377,99999,4886,36508,0,31622,
280,attr0_nav_sel0.01,0,28657,60279,68377,99999,32451,64073,68377,99999,
281,attr1_nav_sel0.01,1,33298,64920,0,31622,67795,99417,13483,45105,
282,attr2_nav_sel0.01,2,0,31622,20170,51792,0,31622,54406,86028,
283,attr3_nav_sel0.01,3,0,31622,7102,38724,16799,48421,62026,93648,
284,balanced_sel0.01,0,68377,99999,8702,40324,15891,47513,58257,89879,
285,attr0_nav_sel0.01,0,6251,37873,23095,54717,68377,99999,36358,67980,
286,attr1_nav_sel0.01,1,39562,71184,41516,73138,27603,59225,0,31622,
287,attr2_nav_sel0.01,2,0,31622,65200,96822,15407,47029,26184,57806,
288,attr3_nav_sel0.01,3,0,31622,0,31622,45274,76896,0,31622,
289,balanced_sel0.01,0,68377,99999,68377,99999,16249,47871,0,31622,
290,attr0_nav_sel0.01,0,13244,44866,0,31622,49855,81477,34476,66098,
291,attr1_nav_sel0.01,1,61119,92741,68377,99999,68377,99999,22267,53889,
292,attr2_nav_sel0.01,2,35584,67206,39774,71396,68377,99999,68377,99999,
293,attr3_nav_sel0.01,3,68377,99999,12114,43736,55701,87323,45408,77030,
294,balanced_sel0.01,0,17552,49174,25219,56841,4411,36033,68377,99999,
295,attr0_nav_sel0.01,0,68377,99999,3707,35329,68377,99999,11629,43251,
296,attr1_nav_sel0.01,1,34722,66344,33318,64940,38666,70288,47899,79521,
297,attr2_nav_sel0.01,2,68377,99999,45191,76813,17021,48643,44547,76169,
298,attr3_nav_sel0.01,3,0,31622,37071,68693,0,31622,0,31622,
299,balanced_sel0.01,0,68377,99999,53504,85126,25394,57016,34792,66414,
300,attr0_nav_sel0.01,0,68377,99999,68377,99999,29223,60845,68377,99999,
301,attr1_nav_sel0.01,1,25884,57506,11385,43007,65721,97343,31674,63296,
302,attr2_nav_sel0.01,2,0,31622,68377,99999,27498,59120,68377,99999,
303,attr3_nav_sel0.01,3,23738,55360,0,31622,68377,99999,49594,81216,
304,balanced_sel0.01,0,0,31622,65837,97459,68377,99999,21708,53330,
305,attr0_nav_sel0.01,0,1214,32836,5191,36813,16863,48485,14624,46246,
306,attr1_nav_sel0.01,1,0,31622,0,31622,31796,63418,49023,80645,
307,attr2_nav_sel0.01,2,0,31622,6532,38154,68377,99999,10722,42344,
308,attr3_nav_sel0.01,3,38902,70524,60454,92076,68377,99999,8898,40520,
309,balanced_sel0.01,0,13931,45553,68377,99999,5812,37434,3017,34639,
310,attr0_nav_sel0.01,0,21052,52674,68377,99999,22977,54599,3479,35101,
311,attr1_nav_sel0.01,1,63182,94804,68377,99999,38422,70044,68377,99999,
312,attr2_nav_sel0.01,2,61946,93568,21210,52832,58385,90007,9875,41497,
313,attr3_nav_sel0.01,3,0,31622,11093,42715,68377,99999,38019,69641,
314,balanced_sel0.01,0,64626,96248,27199,58821,48890,80512,51334,82956,
315,attr0_nav_sel0.01,0,62569,94191,12499,44121,0,31622,0,31622,
316,attr1_nav_sel0.01,1,68377,99999,33722,65344,66341,97963,48337,79959,
317,attr2_nav_sel0.01,2,59014,90636,52622,84244,14071,45693,4092,35714,
318,attr3_nav_sel0.01,3,58859,90481,66257,97879,1078,32700,68377,99999,
319,balanced_sel0.01,0,35060,66682,16933,48555,32878,64500,68377,99999,
320,attr0_nav_sel0.01,0,64839,96461,68377,99999,53857,85479,68377,99999,
321,attr1_nav_sel0.01,1,68377,99999,4396,36018,68377,99999,0,31622,
322,attr2_nav_sel0.01,2,42426,74048,10902,42524,68377,99999,60526,92148,
323,attr3_nav_sel0.01,3,68377,99999,13633,45255,35228,66850,45496,77118,
324,balanced_sel0.01,0,29171,60793,20983,52605,0,31622,51093,82715,
325,attr0_nav_sel0.01,0,61464,93086,19088,50710,63504,95126,27638,59260,
326,attr1_nav_sel0.01,1,68377,99999,31468,63090,46318,77940,56016,87638,
327,attr2_nav_sel0.01,2,47749,79371,44847,76469,9127,40749,58365,89987,
328,attr3_nav_sel0.01,3,54956,86578,68377,99999,22660,54282,68377,99999,
329,balanced_sel0.01,0,2479,34101,15020,46642,63679,95301,65632,97254,
330,attr0_nav_sel0.01,0,68377,99999,68377,99999,0,31622,67008,98630,
331,attr1_nav_sel0.01,1,57487,89109,0,31622,6472,38094,0,31622,
332,attr2_nav_sel0.01,2,66555,98177,10469,42091,38891,70513,32542,64164,
333,attr3_nav_sel0.01,3,3123,34745,34142,65764,37950,69572,22410,54032,
334,balanced_sel0.01,0,68377,99999,59552,91174,61948,93570,25927,57549,
335,attr0_nav_sel0.01,0,15605,47227,21697,53319,0,31622,0,31622,
336,attr1_nav_sel0.01,1,68377,99999,5530,37152,67041,98663,8796,40418,
337,attr2_nav_sel0.01,2,13198,44820,60719,92341,25929,57551,16464,48086,
338,attr3_nav_sel0.01,3,0,31622,37652,69274,50765,82387,23279,54901,
339,balanced_sel0.01,0,8126,39748,17700,49322,68377,99999,68377,99999,
340,attr0_nav_sel0.01,0,55320,86942,44771,76393,49867,81489,7459,39081,
341,attr1_nav_sel0.01,1,32589,64211,5391,37013,0,31622,22386,54008,
342,attr2_nav_sel0.01,2,2570,34192,0,31622,52750,84372,35753,67375,
343,attr3_nav_sel0.01,3,63189,94811,53910,85532,29149,60771,68377,99999,
344,balanced_sel0.01,0,19602,51224,42164,73786,68377,99999,43119,74741,
345,attr0_nav_sel0.01,0,65912,97534,68377,99999,62647,94269,0,31622,
346,attr1_nav_sel0.01,1,29442,61064,0,31622,44361,75983,48067,79689,
347,attr2_nav_sel0.01,2,67087,98709,26197,57819,16742,48364,50327,81949,
348,attr3_nav_sel0.01,3,43159,74781,22402,54024,11418,43040,232,31854,
349,balanced_sel0.01,0,0,31622,2084,33706,1554,33176,0,31622,
350,attr0_nav_sel0.01,0,41080,72702,49414,81036,8283,39905,57640,89262,
351,attr1_nav_sel0.01,1,4567,36189,1845,33467,4422,36044,68377,99999,
352,attr2_nav_sel0.01,2,68377,99999,51292,82914,0,31622,11816,43438,
353,attr3_nav_sel0.01,3,30766,62388,0,31622,0,31622,16006,47628,
354,balanced_sel0.01,0,68377,99999,0,31622,68377,99999,24600,56222,
355,attr0_nav_sel0.01,0,45354,76976,0,31622,68377,99999,57914,89536,
356,attr1_nav_sel0.01,1,0,31622,53076,84698,8460,40082,35619,67241,
357,attr2_nav_sel0.01,2,9989,41611,68377,99999,65732,97354,0,31622,
358,attr3_nav_sel0.01,3,25516,57138,53571,85193,21169,52791,64034,95656,
359,balanced_sel0.01,0,62475,94097,68377,99999,12906,44528,56429,88051,
360,attr0_nav_sel0.01,0,53759,85381,0,31622,54317,85939,0,31622,
361,attr1_nav_sel0.01,1,0,31622,65979,97601,68377,99999,44602,76224,
362,attr2_nav_sel0.01,2,59105,90727,6895,38517,0,31622,46862,78484,
363,attr3_nav_sel0.01,3,68377,99999,68377,99999,60193,91815,0,31622,
364,balanced_sel0.01,0,42522,74144,46711,78333,31940,63562,14473,46095,
365,attr0_nav_sel0.01,0,0,31622,64060,95682,21526,53148,19777,51399,
366,attr1_nav_sel0.01,1,64754,96376,50302,81924,23334,54956,18402,50024,
367,attr2_nav_sel0.01,2,68377,99999,68377,99999,0,31622,68377,99999,
368,attr3_nav_sel0.01,3,31061,62683,68377,99999,57248,88870,47216,78838,
369,balanced_sel0.01,0,66545,98167,24365,55987,35581,67203,0,31622,
370,attr0_nav_sel0.01,0,33115,64737,0,31622,68377,99999,0,31622,
371,attr1_nav_sel0.01,1,58722,90344,5408,37030,12586,44208,58093,89715,
372,attr2_nav_sel0.01,2,68377,99999,11753,43375,68377,99999,62385,94007,
373,attr3_nav_sel0.01,3,20681,52303,12844,44466,0,31622,48910,80532,
374,balanced_sel0.01,0,59298,90920,0,31622,68377,99999,20904,52526,
375,attr0_nav_sel0.01,0,2711,34333,50876,82498,68377,99999,68377,99999,
376,attr1_nav_sel0.01,1,17260,48882,68377,99999,17404,49026,10118,41740,
377,attr2_nav_sel0.01,2,1546,33168,67909,99531,44356,75978,66100,97722,
378,attr3_nav_sel0.01,3,0,31622,62793,94415,68377,99999,6827,38449,
379,balanced_sel0.01,0,16993,48615,0,31622,13796,45418,27401,59023,
380,attr0_nav_sel0.01,0,53177,84799,37912,69534,41085,72707,68377,99999,
381,attr1_nav_sel0.01,1,68377,99999,68377,99999,68377,99999,45573,77195,
382,attr2_nav_sel0.01,2,49834,81456,9049,40671,8966,40588,43103,74725,
383,attr3_nav_sel0.01,3,68377,99999,57162,88784,37495,69117,6020,37642,
384,balanced_sel0.01,0,30872,62494,49930,81552,0,31622,40643,72265,
385,attr0_nav_sel0.01,0,0,31622,68377,99999,20832,52454,0,31622,
386,attr1_nav_sel0.01,1,38306,69928,31787,63409,65109,96731,0,31622,
387,attr2_nav_sel0.01,2,65335,96957,34623,66245,0,31622,2468,34090,
388,attr3_nav_sel0.01,3,0,31622,9174,40796,64252,95874,68377,99999,
389,balanced_sel0.01,0,35032,66654,19076,50698,0,31622,0,31622,
390,attr0_nav_sel0.01,0,64498,96120,29193,60815,68377,99999,0,31622,
391,attr1_nav_sel0.01,1,68377,99999,0,31622,34470,66092,0,31622,
392,attr2_nav_sel0.01,2,60955,92577,50931,82553,60560,92182,16780,48402,
393,attr3_nav_sel0.01,3,21005,52627,33921,65543,21014,52636,0,31622,
394,balanced_sel0.01,0,51538,83160,0,31622,68320,99942,51357,82979,
395,attr0_nav_sel0.01,0,0,31622,16987,48609,68377,99999,45650,77272,
396,attr1_nav_sel0.01,1,22607,54229,17814,49436,68377,99999,23343,54965,
397,attr2_nav_sel0.01,2,68377,99999,63835,95457,62806,94428,31871,63493,
398,attr3_nav_sel0.01,3,44195,75817,0,31622,37643,69265,5173,36795,
399,balanced_sel0.01,0,68377,99999,28478,60100,34138,65760,66482,98104,
400,attr0_nav_sel0.01,0,56903,88525,51506,83128,0,31622,43452,75074,
401,attr1_nav_sel0.01,1,4557,36179,40557,72179,0,31622,36260,67882,
402,attr2_nav_sel0.01,2,44269,75891,22456,54078,21436,53058,63918,95540,
403,attr3_nav_sel0.01,3,38742,70364,3321,34943,0,31622,18487,50109,
404,balanced_sel0.01,0,30526,62148,66524,98146,11093,42715,689,32311,
405,attr0_nav_sel0.01,0,37282,68904,36207,67829,45265,76887,15765,47387,
406,attr1_nav_sel0.01,1,17884,49506,0,31622,40948,72570,26583,58205,
407,attr2_nav_sel0.01,2,44877,76499,0,31622,14633,46255,58115,89737,
408,attr3_nav_sel0.01,3,66487,98109,18891,50513,0,31622,41205,72827,
409,balanced_sel0.01,0,0,31622,8380,40002,0,31622,52241,83863,
410,attr0_nav_sel0.01,0,0,31622,57583,89205,2123,33745,68377,99999,
411,attr1_nav_sel0.01,1,68377,99999,12187,43809,66207,97829,0,31622,
412,attr2_nav_sel0.01,2,15088,46710,22640,54262,8464,40086,40953,72575,
413,attr3_nav_sel0.01,3,0,31622,41055,72677,38061,69683,5852,37474,
414,balanced_sel0.01,0,68377,99999,60570,92192,1209,32831,12747,44369,
415,attr0_nav_sel0.01,0,33017,64639,50318,81940,68036,99658,52606,84228,
416,attr1_nav_sel0.01,1,3278,34900,0,31622,22629,54251,1701,33323,
417,attr2_nav_sel0.01,2,66717,98339,63695,95317,5326,36948,0,31622,
418,attr3_nav_sel0.01,3,0,31622,26447,58069,66656,98278,28075,59697,
419,balanced_sel0.01,0,17635,49257,58675,90297,55640,87262,29251,60873,
420,attr0_nav_sel0.01,0,14120,45742,68377,99999,33324,64946,48336,79958,
421,attr1_nav_sel0.01,1,12004,43626,0,31622,2061,33683,38932,70554,
422,attr2_nav_sel0.01,2,16911,48533,2168,33790,0,31622,68377,99999,
423,attr3_nav_sel0.01,3,22087,53709,54969,86591,9791,41413,68377,99999,
424,balanced_sel0.01,0,4453,36075,55910,87532,31319,62941,0,31622,
425,attr0_nav_sel0.01,0,41046,72668,40870,72492,68377,99999,25743,57365,
426,attr1_nav_sel0.01,1,10561,42183,22173,53795,68377,99999,8357,39979,
427,attr2_nav_sel0.01,2,35872,67494,29376,60998,0,31622,28970,60592,
428,attr3_nav_sel0.01,3,0,31622,68377,99999,61175,92797,45921,77543,
429,balanced_sel0.01,0,45743,77365,35592,67214,298,31920,37836,69458,
430,attr0_nav_sel0.01,0,53047,84669,14333,45955,9363,40985,1583,33205,
431,attr1_nav_sel0.01,1,60843,92465,51099,82721,16146,47768,12164,43786,
432,attr2_nav_sel0.01,2,14968,46590,19993,51615,54003,85625,26900,58522,
433,attr3_nav_sel0.01,3,68377,99999,68377,99999,28162,59784,55146,86768,
434,balanced_sel0.01,0,42827,74449,68377,99999,0,31622,68377,99999,
435,attr0_nav_sel0.01,0,19882,51504,48492,80114,13844,45466,68377,99999,
436,attr1_nav_sel0.01,1,0,31622,8645,40267,52996,84618,64201,95823,
437,attr2_nav_sel0.01,2,42428,74050,66997,98619,46526,78148,0,31622,
438,attr3_nav_sel0.01,3,66131,97753,49219,80841,11231,42853,68377,99999,
439,balanced_sel0.01,0,0,31622,34189,65811,46573,78195,9922,41544,
440,attr0_nav_sel0.01,0,46007,77629,68377,99999,50472,82094,39174,70796,
441,attr1_nav_sel0.01,1,14233,45855,0,31622,0,31622,43322,74944,
442,attr2_nav_sel0.01,2,68377,99999,32916,64538,52575,84197,12428,44050,
443,attr3_nav_sel0.01,3,27790,59412,44432,76054,41760,73382,1650,33272,
444,balanced_sel0.01,0,36011,67633,13808,45430,49827,81449,68377,99999,
445,attr0_nav_sel0.01,0,0,31622,0,31622,17113,48735,19211,50833,
446,attr1_nav_sel0.01,1,50653,82275,11237,42859,0,31622,48439,80061,
447,attr2_nav_sel0.01,2,34576,66198,23149,54771,36638,68260,14346,45968,
448,attr3_nav_sel0.01,3,39674,71296,25798,57420,57682,89304,56924,88546,
449,balanced_sel0.01,0,68377,99999,59834,91456,16870,48492,38835,70457,
450,attr0_nav_sel0.01,0,12583,44205,0,31622,0,31622,58221,89843,
451,attr1_nav_sel0.01,1,50340,81962,9662,41284,0,31622,30457,62079,
452,attr2_nav_sel0.01,2,0,31622,50718,82340,21112,52734,68377,99999,
453,attr3_nav_sel0.01,3,0,31622,20861,52483,0,31622,36575,68197,
454,balanced_sel0.01,0,6769,38391,64960,96582,45720,77342,62038,93660,
455,attr0_nav_sel0.01,0,68377,99999,46628,78250,2800,34422,68377,99999,
456,attr1_nav_sel0.01,1,30332,61954,44892,76514,18510,50132,68377,99999,
457,attr2_nav_sel0.01,2,0,31622,0,31622,68377,99999,24501,56123,
458,attr3_nav_sel0.01,3,33116,64738,17628,49250,43895,75517,21095,52717,
459,balanced_sel0.01,0,29932,61554,7537,39159,0,31622,68377,99999,
460,attr0_nav_sel0.01,0,13096,44718,0,31622,37145,68767,58826,90448,
461,attr1_nav_sel0.01,1,4672,36294,68377,99999,68377,99999,0,31622,
462,attr2_nav_sel0.01,2,68377,99999,0,31622,68377,99999,68377,99999,
463,attr3_nav_sel0.01,3,68377,99999,57150,88772,0,31622,0,31622,
464,balanced_sel0.01,0,68377,99999,0,31622,68377,99999,30144,61766,
465,attr0_nav_sel0.01,0,68377,99999,19156,50778,61490,93112,15728,47350,
466,attr1_nav_sel0.01,1,19829,51451,68377,99999,58537,90159,38412,70034,
467,attr2_nav_sel0.01,2,49063,80685,0,31622,1602,33224,21398,53020,
468,attr3_nav_sel0.01,3,58966,90588,68377,99999,38053,69675,17967,49589,
469,balanced_sel0.01,0,38162,69784,6668,38290,42262,73884,4307,35929,
470,attr0_nav_sel0.01,0,46740,78362,0,31622,62004,93626,0,31622,
471,attr1_nav_sel0.01,1,52524,84146,15485,47107,6482,38104,37742,69364,
472,attr2_nav_sel0.01,2,15066,46688,12354,43976,25492,57114,47846,79468,
473,attr3_nav_sel0.01,3,68377,99999,50920,82542,68377,99999,0,31622,
474,balanced_sel0.01,0,5060,36682,0,31622,66998,98620,27926,59548,
475,attr0_nav_sel0.01,0,38638,70260,23403,55025,68377,99999,27196,58818,
476,attr1_nav_sel0.01,1,64580,96202,41454,73076,24978,56600,0,31622,
477,attr2_nav_sel0.01,2,55219,86841,63885,95507,49152,80774,32739,64361,
478,attr3_nav_sel0.01,3,57551,89173,874,32496,46736,78358,13205,44827,
479,balanced_sel0.01,0,68377,99999,51490,83112,44961,76583,4723,36345,
480,attr0_nav_sel0.01,0,47042,78664,2362,33984,16465,48087,22499,54121,
481,attr1_nav_sel0.01,1,68377,99999,30629,62251,0,31622,9660,41282,
482,attr2_nav_sel0.01,2,0,31622,68377,99999,3314,34936,68377,99999,
483,attr3_nav_sel0.01,3,63381,95003,2794,34416,62414,94036,64129,95751,
484,balanced_sel0.01,0,68377,99999,42908,74530,21249,52871,39069,70691,
485,attr0_nav_sel0.01,0,11298,42920,43710,75332,42926,74548,0,31622,
486,attr1_nav_sel0.01,1,68377,99999,25054,56676,5547,37169,0,31622,
487,attr2_nav_sel0.01,2,12861,44483,66065,97687,68377,99999,55003,86625,
488,attr3_nav_sel0.01,3,33807,65429,68377,99999,0,31622,59161,90783,
489,balanced_sel0.01,0,8495,40117,51164,82786,60034,91656,17916,49538,
490,attr0_nav_sel0.01,0,0,31622,61469,93091,24114,55736,6766,38388,
491,attr1_nav_sel0.01,1,56492,88114,17358,48980,33347,64969,68377,99999,
492,attr2_nav_sel0.01,2,68377,99999,56659,88281,68377,99999,238,31860,
493,attr3_nav_sel0.01,3,1665,33287,43779,75401,58948,90570,41535,73157,
494,balanced_sel0.01,0,17897,49519,52721,84343,3131,34753,44041,75663,
495,attr0_nav_sel0.01,0,7025,38647,27377,58999,56251,87873,24125,55747,
496,attr1_nav_sel0.01,1,60925,92547,65505,97127,242,31864,18278,49900,
497,attr2_nav_sel0.01,2,57107,88729,45029,76651,68377,99999,16214,47836,
498,attr3_nav_sel0.01,3,66686,98308,45,31667,68377,99999,45798,77420,
499,balanced_sel0.01,0,42507,74129,68377,99999,10485,42107,65558,97180,
