query_idx,profile,primary_attr,attr0_low,attr0_high,attr1_low,attr1_high,attr2_low,attr2_high,attr3_low,attr3_high,attr4_low,attr4_high,attr5_low,attr5_high,expected_top10
0,single_attr0,0,59169,159168,0,999999,0,999999,0,999999,0,999999,0,999999,
1,attr1_narrow,1,281083,781082,118891,218890,134130,634129,311060,811059,500000,999999,129207,629206,
2,attr2_narrow,2,500000,999999,0,499999,326642,426641,383987,883986,500000,999999,0,499999,
3,balanced,0,735626,935625,549014,749013,142038,342037,500000,999999,500000,999999,500000,999999,
4,attr0_narrow,0,48962,148961,44290,544289,0,499999,95501,595500,0,499999,84909,584908,
5,single_attr1,1,0,999999,253403,353402,0,999999,0,999999,0,999999,0,999999,
6,attr2_narrow,2,270807,770806,500000,999999,599127,699126,287747,787746,0,499999,500000,999999,
7,balanced,0,46023,246022,442291,642290,315701,515700,143835,643834,500000,999999,396161,896160,
8,attr0_narrow,0,674977,774976,0,499999,442511,942510,500000,999999,55328,555327,384162,884161,
9,attr1_narrow,1,70177,570176,28628,128627,109950,609949,351146,851145,500000,999999,27327,527326,
10,single_attr2,2,0,999999,0,999999,900000,999999,0,999999,0,999999,0,999999,
11,balanced,0,742144,942143,800000,999999,4938,204937,500000,999999,0,499999,33935,533934,
12,attr0_narrow,0,0,99999,500000,999999,436669,936668,500000,999999,500000,999999,500000,999999,
13,attr1_narrow,1,354693,854692,153879,253878,500000,999999,0,499999,0,499999,500000,999999,
14,attr2_narrow,2,0,499999,0,499999,544879,644878,216706,716705,500000,999999,8351,508350,
15,single_attr3,3,0,999999,0,999999,0,999999,60929,160928,0,999999,0,999999,
16,attr0_narrow,0,854868,954867,279202,779201,500000,999999,81634,581633,0,499999,457439,957438,
17,attr1_narrow,1,113453,613452,378627,478626,250117,750116,49354,549353,65978,565977,500000,999999,
18,attr2_narrow,2,66652,566651,0,499999,219187,319186,112060,612059,500000,999999,0,499999,
19,balanced,0,219982,419981,620060,820059,20668,220667,500000,999999,0,499999,500000,999999,
20,single_attr4,4,0,999999,0,999999,0,999999,0,999999,810778,910777,0,999999,
21,attr1_narrow,1,106956,606955,553924,653923,500000,999999,293246,793245,134386,634385,0,499999,
22,attr2_narrow,2,500000,999999,0,499999,696317,796316,309438,809437,500000,999999,500000,999999,
23,balanced,0,800000,999999,800000,999999,456351,656350,500000,999999,291266,791265,205744,705743,
24,attr0_narrow,0,809066,909065,500000,999999,44274,544273,488470,988469,262685,762684,404347,904346,
25,single_attr5,5,0,999999,0,999999,0,999999,0,999999,0,999999,717930,817929,
26,attr2_narrow,2,0,499999,398740,898739,457173,557172,366766,866765,250491,750490,427970,927969,
27,balanced,0,27315,227314,364885,564884,542563,742562,303360,803359,73561,573560,237046,737045,
28,attr0_narrow,0,541231,641230,0,499999,0,499999,500000,999999,181511,681510,332515,832514,
29,attr1_narrow,1,86736,586735,0,99999,45351,545350,500000,999999,0,499999,500000,999999,
30,single_attr0,0,637410,737409,0,999999,0,999999,0,999999,0,999999,0,999999,
31,balanced,0,372945,572944,1866,201865,205688,405687,103099,603098,0,499999,57084,557083,
32,attr0_narrow,0,458974,558973,500000,999999,0,499999,0,499999,291420,791419,0,499999,
33,attr1_narrow,1,359195,859194,493225,593224,0,499999,500000,999999,484257,984256,0,499999,
34,attr2_narrow,2,500000,999999,500000,999999,893334,993333,39620,539619,113908,613907,0,499999,
35,single_attr1,1,0,999999,385792,485791,0,999999,0,999999,0,999999,0,999999,
36,attr0_narrow,0,631973,731972,0,499999,452920,952919,0,499999,500000,999999,500000,999999,
37,attr1_narrow,1,152079,652078,243243,343242,500000,999999,500000,999999,0,499999,422743,922742,
38,attr2_narrow,2,500000,999999,0,499999,538387,638386,52884,552883,7841,507840,500000,999999,
39,balanced,0,571700,771699,800000,999999,105494,305493,500000,999999,482741,982740,328718,828717,
40,single_attr2,2,0,999999,0,999999,647220,747219,0,999999,0,999999,0,999999,
41,attr1_narrow,1,0,499999,450259,550258,0,499999,98225,598224,289232,789231,0,499999,
42,attr2_narrow,2,0,499999,408272,908271,241231,341230,0,499999,90472,590471,500000,999999,
43,balanced,0,795755,995754,716803,916802,745201,945200,0,499999,12088,512087,484605,984604,
44,attr0_narrow,0,439145,539144,293343,793342,500000,999999,335702,835701,129834,629833,0,499999,
45,single_attr3,3,0,999999,0,999999,0,999999,195645,295644,0,999999,0,999999,
46,attr2_narrow,2,168461,668460,83042,583041,25404,125403,289839,789838,500000,999999,6898,506897,
47,balanced,0,91726,291725,230383,430382,327925,527924,500000,999999,0,499999,500000,999999,
48,attr0_narrow,0,135928,235927,479103,979102,302129,802128,500000,999999,2765,502764,0,499999,
49,attr1_narrow,1,72568,572567,141463,241462,169875,669874,3533,503532,195737,695736,500000,999999,
50,single_attr4,4,0,999999,0,999999,0,999999,0,999999,0,99999,0,999999,
51,balanced,0,392751,592750,355961,555960,435622,635621,500000,999999,0,499999,0,499999,
52,attr0_narrow,0,209112,309111,500000,999999,349669,849668,268803,768802,47236,547235,0,499999,
53,attr1_narrow,1,329858,829857,130368,230367,20774,520773,500000,999999,500000,999999,394383,894382,
54,attr2_narrow,2,500000,999999,500000,999999,430782,530781,500000,999999,475166,975165,488698,988697,
55,single_attr5,5,0,999999,0,999999,0,999999,0,999999,0,999999,321212,421211,
56,attr0_narrow,0,864714,964713,478180,978179,375963,875962,500000,999999,0,499999,374022,874021,
57,attr1_narrow,1,0,499999,380372,480371,500000,999999,78086,578085,219798,719797,477518,977517,
58,attr2_narrow,2,170095,670094,353244,853243,679582,779581,0,499999,140756,640755,0,499999,
59,balanced,0,30138,230137,0,199999,778644,978643,0,499999,328569,828568,384771,884770,
60,single_attr0,0,405145,505144,0,999999,0,999999,0,999999,0,999999,0,999999,
61,attr1_narrow,1,500000,999999,511364,611363,7381,507380,0,499999,500000,999999,500000,999999,
62,attr2_narrow,2,500000,999999,500000,999999,332000,431999,0,499999,417438,917437,500000,999999,
63,balanced,0,536971,736970,800000,999999,244163,444162,0,499999,500000,999999,500000,999999,
64,attr0_narrow,0,298963,398962,0,499999,500000,999999,0,499999,0,499999,353446,853445,
65,single_attr1,1,0,999999,357668,457667,0,999999,0,999999,0,999999,0,999999,
66,attr2_narrow,2,484377,984376,0,499999,206013,306012,335820,835819,239230,739229,19026,519025,
67,balanced,0,800000,999999,539324,739323,190233,390232,85696,585695,109256,609255,93122,593121,
68,attr0_narrow,0,900000,999999,0,499999,70582,570581,0,499999,500000,999999,0,499999,
69,attr1_narrow,1,500000,999999,425660,525659,0,499999,39958,539957,500000,999999,500000,999999,
70,single_attr2,2,0,999999,0,999999,454123,554122,0,999999,0,999999,0,999999,
71,balanced,0,0,199999,366528,566527,800000,999999,0,499999,500000,999999,434888,934887,
72,attr0_narrow,0,753030,853029,392006,892005,0,499999,319707,819706,334025,834024,213975,713974,
73,attr1_narrow,1,500000,999999,900000,999999,105768,605767,120774,620773,500000,999999,0,499999,
74,attr2_narrow,2,0,499999,121925,621924,799909,899908,373117,873116,500000,999999,165338,665337,
75,single_attr3,3,0,999999,0,999999,0,999999,866081,966080,0,999999,0,999999,
76,attr0_narrow,0,465704,565703,149162,649161,164586,664585,500000,999999,446484,946483,500000,999999,
77,attr1_narrow,1,0,499999,37268,137267,128616,628615,500000,999999,158381,658380,500000,999999,
78,attr2_narrow,2,0,499999,0,499999,853525,953524,0,499999,305790,805789,90915,590914,
79,balanced,0,77856,277855,0,199999,54426,254425,473641,973640,500000,999999,0,499999,
80,single_attr4,4,0,999999,0,999999,0,999999,0,999999,650802,750801,0,999999,
81,attr1_narrow,1,292396,792395,0,99999,272806,772805,0,499999,477187,977186,500000,999999,
82,attr2_narrow,2,433200,933199,0,499999,420049,520048,104308,604307,196385,696384,251771,751770,
83,balanced,0,281649,481648,267223,467222,0,199999,287993,787992,500000,999999,442442,942441,
84,attr0_narrow,0,536917,636916,36091,536090,405339,905338,500000,999999,67824,567823,135254,635253,
85,single_attr5,5,0,999999,0,999999,0,999999,0,999999,0,999999,744053,844052,
86,attr2_narrow,2,399936,899935,500000,999999,729827,829826,45846,545845,0,499999,329012,829011,
87,balanced,0,0,199999,18067,218066,444918,644917,0,499999,500000,999999,302927,802926,
88,attr0_narrow,0,0,99999,0,499999,116559,616558,440984,940983,208694,708693,447892,947891,
89,attr1_narrow,1,463040,963039,571734,671733,500000,999999,500000,999999,500000,999999,58755,558754,
90,single_attr0,0,470226,570225,0,999999,0,999999,0,999999,0,999999,0,999999,
91,balanced,0,80141,280140,482452,682451,406761,606760,301929,801928,169172,669171,500000,999999,
92,attr0_narrow,0,499291,599290,442224,942223,404949,904948,1515,501514,500000,999999,143698,643697,
93,attr1_narrow,1,500000,999999,654575,754574,384698,884697,500000,999999,301963,801962,0,499999,
94,attr2_narrow,2,149711,649710,0,499999,809639,909638,231181,731180,0,499999,0,499999,
95,single_attr1,1,0,999999,869742,969741,0,999999,0,999999,0,999999,0,999999,
96,attr0_narrow,0,621008,721007,421748,921747,500000,999999,500000,999999,0,499999,50752,550751,
97,attr1_narrow,1,293487,793486,883824,983823,202745,702744,0,499999,392761,892760,192738,692737,
98,attr2_narrow,2,262564,762563,481568,981567,840085,940084,64181,564180,500000,999999,425536,925535,
99,balanced,0,730230,930229,800000,999999,623169,823168,0,499999,500000,999999,168490,668489,
100,single_attr2,2,0,999999,0,999999,900000,999999,0,999999,0,999999,0,999999,
101,attr1_narrow,1,116759,616758,900000,999999,0,499999,0,499999,415253,915252,500000,999999,
102,attr2_narrow,2,178553,678552,0,499999,679547,779546,500000,999999,0,499999,0,499999,
103,balanced,0,104461,304460,132491,332490,112966,312965,193576,693575,0,499999,267928,767927,
104,attr0_narrow,0,786039,886038,372817,872816,307333,807332,386610,886609,324954,824953,214269,714268,
105,single_attr3,3,0,999999,0,999999,0,999999,618302,718301,0,999999,0,999999,
106,attr2_narrow,2,343228,843227,344722,844721,0,99999,114084,614083,500000,999999,0,499999,
107,balanced,0,189252,389251,800000,999999,762253,962252,165703,665702,336769,836768,500000,999999,
108,attr0_narrow,0,385893,485892,500000,999999,0,499999,0,499999,107085,607084,500000,999999,
109,attr1_narrow,1,500000,999999,900000,999999,204221,704220,492359,992358,0,499999,0,499999,
110,single_attr4,4,0,999999,0,999999,0,999999,0,999999,650508,750507,0,999999,
111,balanced,0,623765,823764,0,199999,239742,439741,143022,643021,129815,629814,500000,999999,
112,attr0_narrow,0,539593,639592,160788,660787,0,499999,500000,999999,161071,661070,495979,995978,
113,attr1_narrow,1,218610,718609,516987,616986,418020,918019,500000,999999,262025,762024,136151,636150,
114,attr2_narrow,2,0,499999,500000,999999,694641,794640,0,499999,500000,999999,147762,647761,
115,single_attr5,5,0,999999,0,999999,0,999999,0,999999,0,999999,92149,192148,
116,attr0_narrow,0,8326,108325,500000,999999,496244,996243,0,499999,180202,680201,16894,516893,
117,attr1_narrow,1,252847,752846,51867,151866,500000,999999,144727,644726,0,499999,297480,797479,
118,attr2_narrow,2,500000,999999,66723,566722,0,99999,349042,849041,500000,999999,200903,700902,
119,balanced,0,527146,727145,210431,410430,492052,692051,402358,902357,434147,934146,0,499999,
120,single_attr0,0,292129,392128,0,999999,0,999999,0,999999,0,999999,0,999999,
121,attr1_narrow,1,332333,832332,882548,982547,416357,916356,128981,628980,459433,959432,0,499999,
122,attr2_narrow,2,4991,504990,0,499999,192750,292749,111457,611456,175518,675517,401920,901919,
123,balanced,0,186263,386262,739216,939215,173484,373483,0,499999,288858,788857,0,499999,
124,attr0_narrow,0,864325,964324,0,499999,130692,630691,474851,974850,193449,693448,220269,720268,
125,single_attr1,1,0,999999,139529,239528,0,999999,0,999999,0,999999,0,999999,
126,attr2_narrow,2,0,499999,0,499999,230167,330166,0,499999,500000,999999,364929,864928,
127,balanced,0,721003,921002,630713,830712,633676,833675,375397,875396,500000,999999,88726,588725,
128,attr0_narrow,0,412823,512822,53904,553903,0,499999,287006,787005,0,499999,0,499999,
129,attr1_narrow,1,500000,999999,64084,164083,500000,999999,234459,734458,15945,515944,0,499999,
130,single_attr2,2,0,999999,0,999999,464244,564243,0,999999,0,999999,0,999999,
131,balanced,0,0,199999,238934,438933,679526,879525,0,499999,227490,727489,355397,855396,
132,attr0_narrow,0,730384,830383,500000,999999,240406,740405,375465,875464,377246,877245,0,499999,
133,attr1_narrow,1,430972,930971,780798,880797,0,499999,500000,999999,0,499999,63646,563645,
134,attr2_narrow,2,0,499999,301746,801745,852151,952150,237724,737723,0,499999,433261,933260,
135,single_attr3,3,0,999999,0,999999,0,999999,53529,153528,0,999999,0,999999,
136,attr0_narrow,0,767277,867276,0,499999,396476,896475,384661,884660,273789,773788,500000,999999,
137,attr1_narrow,1,200574,700573,21552,121551,215928,715927,500000,999999,500000,999999,500000,999999,
138,attr2_narrow,2,271966,771965,434538,934537,843272,943271,374671,874670,177651,677650,500000,999999,
139,balanced,0,0,199999,0,199999,0,199999,0,499999,0,499999,153313,653312,
140,single_attr4,4,0,999999,0,999999,0,999999,0,999999,626264,726263,0,999999,
141,attr1_narrow,1,359546,859545,0,99999,500000,999999,0,499999,0,499999,82289,582288,
142,attr2_narrow,2,0,499999,286569,786568,521621,621620,500000,999999,500000,999999,293117,793116,
143,balanced,0,500871,700870,0,199999,28555,228554,259798,759797,42635,542634,36165,536164,
144,attr0_narrow,0,647248,747247,500000,999999,0,499999,425814,925813,0,499999,500000,999999,
145,single_attr5,5,0,999999,0,999999,0,999999,0,999999,0,999999,11737,111736,
146,attr2_narrow,2,323388,823387,298930,798929,352096,452095,500000,999999,343564,843563,374189,874188,
147,balanced,0,329093,529092,0,199999,335172,535171,29564,529563,500000,999999,500000,999999,
148,attr0_narrow,0,836451,936450,500000,999999,500000,999999,258659,758658,435873,935872,0,499999,
149,attr1_narrow,1,500000,999999,74426,174425,259571,759570,500000,999999,398336,898335,484907,984906,
150,single_attr0,0,782524,882523,0,999999,0,999999,0,999999,0,999999,0,999999,
151,balanced,0,571884,771883,742311,942310,633425,833424,80019,580018,385761,885760,429545,929544,
152,attr0_narrow,0,567006,667005,415535,915534,500000,999999,464067,964066,306120,806119,445091,945090,
153,attr1_narrow,1,323427,823426,519106,619105,117942,617941,500000,999999,0,499999,493908,993907,
154,attr2_narrow,2,0,499999,500000,999999,900000,999999,0,499999,500000,999999,0,499999,
155,single_attr1,1,0,999999,750493,850492,0,999999,0,999999,0,999999,0,999999,
156,attr0_narrow,0,634469,734468,379718,879717,477242,977241,500000,999999,127014,627013,24765,524764,
157,attr1_narrow,1,86973,586972,729747,829746,0,499999,496972,996971,0,499999,500000,999999,
158,attr2_narrow,2,0,499999,368881,868880,588919,688918,500000,999999,40262,540261,500000,999999,
159,balanced,0,84662,284661,124239,324238,517339,717338,500000,999999,0,499999,0,499999,
160,single_attr2,2,0,999999,0,999999,416003,516002,0,999999,0,999999,0,999999,
161,attr1_narrow,1,487811,987810,433159,533158,365712,865711,231789,731788,0,499999,109946,609945,
162,attr2_narrow,2,45536,545535,317000,816999,832058,932057,0,499999,0,499999,0,499999,
163,balanced,0,210248,410247,336754,536753,178675,378674,477443,977442,327377,827376,258275,758274,
164,attr0_narrow,0,858406,958405,11565,511564,469369,969368,500000,999999,0,499999,56075,556074,
165,single_attr3,3,0,999999,0,999999,0,999999,96398,196397,0,999999,0,999999,
166,attr2_narrow,2,0,499999,335738,835737,114877,214876,5826,505825,397174,897173,0,499999,
167,balanced,0,0,199999,360081,560080,0,199999,0,499999,88277,588276,7056,507055,
168,attr0_narrow,0,432748,532747,500000,999999,120477,620476,236888,736887,0,499999,73139,573138,
169,attr1_narrow,1,0,499999,241995,341994,0,499999,401984,901983,423125,923124,310127,810126,
170,single_attr4,4,0,999999,0,999999,0,999999,0,999999,435357,535356,0,999999,
171,balanced,0,643444,843443,308728,508727,780602,980601,0,499999,500000,999999,66589,566588,
172,attr0_narrow,0,677166,777165,500000,999999,178417,678416,140562,640561,500000,999999,500000,999999,
173,attr1_narrow,1,0,499999,284643,384642,23527,523526,0,499999,500000,999999,92159,592158,
174,attr2_narrow,2,68987,568986,500000,999999,143125,243124,426794,926793,0,499999,500000,999999,
175,single_attr5,5,0,999999,0,999999,0,999999,0,999999,0,999999,531028,631027,
176,attr0_narrow,0,498698,598697,0,499999,146329,646328,252172,752171,0,499999,0,499999,
177,attr1_narrow,1,417120,917119,328983,428982,190708,690707,0,499999,500000,999999,500000,999999,
178,attr2_narrow,2,0,499999,0,499999,420358,520357,306204,806203,500000,999999,500000,999999,
179,balanced,0,367485,567484,651860,851859,776834,976833,32269,532268,500000,999999,439957,939956,
180,single_attr0,0,59395,159394,0,999999,0,999999,0,999999,0,999999,0,999999,
181,attr1_narrow,1,269704,769703,839453,939452,244301,744300,228299,728298,500000,999999,36369,536368,
182,attr2_narrow,2,0,499999,276603,776602,195288,295287,500000,999999,441872,941871,500000,999999,
183,balanced,0,800000,999999,800000,999999,493789,693788,156393,656392,412144,912143,407307,907306,
184,attr0_narrow,0,438916,538915,150075,650074,0,499999,0,499999,6755,506754,0,499999,
185,single_attr1,1,0,999999,527500,627499,0,999999,0,999999,0,999999,0,999999,
186,attr2_narrow,2,0,499999,468406,968405,368866,468865,353255,853254,178864,678863,500000,999999,
187,balanced,0,502732,702731,161325,361324,800000,999999,500000,999999,0,499999,500000,999999,
188,attr0_narrow,0,801658,901657,500000,999999,500000,999999,234957,734956,244181,744180,500000,999999,
189,attr1_narrow,1,500000,999999,782945,882944,387105,887104,318654,818653,500000,999999,57206,557205,
190,single_attr2,2,0,999999,0,999999,0,99999,0,999999,0,999999,0,999999,
191,balanced,0,749187,949186,14690,214689,0,199999,0,499999,129777,629776,500000,999999,
192,attr0_narrow,0,498785,598784,181121,681120,22697,522696,153862,653861,500000,999999,500000,999999,
193,attr1_narrow,1,83851,583850,0,99999,132748,632747,500000,999999,0,499999,0,499999,
194,attr2_narrow,2,0,499999,394133,894132,274982,374981,307122,807121,500000,999999,0,499999,
195,single_attr3,3,0,999999,0,999999,0,999999,304029,404028,0,999999,0,999999,
196,attr0_narrow,0,542646,642645,0,499999,0,499999,210048,710047,500000,999999,209362,709361,
197,attr1_narrow,1,0,499999,540631,640630,500000,999999,219094,719093,0,499999,137745,637744,
198,attr2_narrow,2,21180,521179,414118,914117,367437,467436,500000,999999,83063,583062,353089,853088,
199,balanced,0,591349,791348,536363,736362,358390,558389,268188,768187,135731,635730,343519,843518,
200,single_attr4,4,0,999999,0,999999,0,999999,0,999999,388064,488063,0,999999,
201,attr1_narrow,1,305769,805768,507762,607761,383273,883272,0,499999,64859,564858,57211,557210,
202,attr2_narrow,2,213662,713661,500000,999999,266723,366722,0,499999,0,499999,15475,515474,
203,balanced,0,0,199999,155366,355365,762716,962715,0,499999,500000,999999,0,499999,
204,attr0_narrow,0,414200,514199,500000,999999,500000,999999,0,499999,334854,834853,500000,999999,
205,single_attr5,5,0,999999,0,999999,0,999999,0,999999,0,999999,603108,703107,
206,attr2_narrow,2,375597,875596,9722,509721,725287,825286,91175,591174,268215,768214,0,499999,
207,balanced,0,0,199999,319624,519623,25869,225868,0,499999,365320,865319,0,499999,
208,attr0_narrow,0,561221,661220,45374,545373,481168,981167,75315,575314,500000,999999,0,499999,
209,attr1_narrow,1,211958,711957,727739,827738,393442,893441,100175,600174,426881,926880,0,499999,
210,single_attr0,0,703054,803053,0,999999,0,999999,0,999999,0,999999,0,999999,
211,balanced,0,537982,737981,351093,551092,468282,668281,0,499999,310409,810408,127513,627512,
212,attr0_narrow,0,644703,744702,183201,683200,0,499999,331541,831540,191696,691695,480064,980063,
213,attr1_narrow,1,500000,999999,416222,516221,0,499999,0,499999,0,499999,478568,978567,
214,attr2_narrow,2,350741,850740,359428,859427,489863,589862,410813,910812,0,499999,0,499999,
215,single_attr1,1,0,999999,462081,562080,0,999999,0,999999,0,999999,0,999999,
216,attr0_narrow,0,251386,351385,332193,832192,32011,532010,20581,520580,0,499999,0,499999,
217,attr1_narrow,1,0,499999,676432,776431,371956,871955,115871,615870,63163,563162,0,499999,
218,attr2_narrow,2,333558,833557,0,499999,489478,589477,0,499999,321692,821691,0,499999,
219,balanced,0,474372,674371,447999,647998,388984,588983,0,499999,283725,783724,500000,999999,
220,single_attr2,2,0,999999,0,999999,0,99999,0,999999,0,999999,0,999999,
221,attr1_narrow,1,251964,751963,902,100901,500000,999999,420165,920164,500000,999999,177715,677714,
222,attr2_narrow,2,230007,730006,0,499999,305345,405344,221064,721063,41249,541248,118420,618419,
223,balanced,0,0,199999,495026,695025,411177,611176,461235,961234,500000,999999,0,499999,
224,attr0_narrow,0,421504,521503,500000,999999,468404,968403,500000,999999,410323,910322,500000,999999,
225,single_attr3,3,0,999999,0,999999,0,999999,4793,104792,0,999999,0,999999,
226,attr2_narrow,2,500000,999999,421853,921852,540401,640400,270041,770040,0,499999,500000,999999,
227,balanced,0,406618,606617,800000,999999,472596,672595,425327,925326,306851,806850,24114,524113,
228,attr0_narrow,0,456428,556427,0,499999,1118,501117,500000,999999,500000,999999,82181,582180,
229,attr1_narrow,1,285606,785605,900000,999999,0,499999,76327,576326,426613,926612,227707,727706,
230,single_attr4,4,0,999999,0,999999,0,999999,0,999999,505123,605122,0,999999,
231,balanced,0,546138,746137,0,199999,570236,770235,467247,967246,500000,999999,204682,704681,
232,attr0_narrow,0,85451,185450,0,499999,0,499999,142977,642976,321012,821011,249873,749872,
233,attr1_narrow,1,367248,867247,424246,524245,500000,999999,153933,653932,0,499999,287307,787306,
234,attr2_narrow,2,448954,948953,438791,938790,402675,502674,500000,999999,474535,974534,9801,509800,
235,single_attr5,5,0,999999,0,999999,0,999999,0,999999,0,999999,86608,186607,
236,attr0_narrow,0,530517,630516,0,499999,130108,630107,108243,608242,500000,999999,487096,987095,
237,attr1_narrow,1,129471,629470,215043,315042,60305,560304,0,499999,77002,577001,376412,876411,
238,attr2_narrow,2,39967,539966,0,499999,900000,999999,281432,781431,41255,541254,0,499999,
239,balanced,0,488456,688455,0,199999,0,199999,0,499999,203063,703062,131898,631897,
240,single_attr0,0,322834,422833,0,999999,0,999999,0,999999,0,999999,0,999999,
241,attr1_narrow,1,478921,978920,480087,580086,0,499999,0,499999,500000,999999,289671,789670,
242,attr2_narrow,2,0,499999,114536,614535,690298,790297,0,499999,0,499999,32541,532540,
243,balanced,0,42167,242166,251682,451681,148712,348711,500000,999999,448404,948403,284702,784701,
244,attr0_narrow,0,201512,301511,0,499999,0,499999,38546,538545,0,499999,78255,578254,
245,single_attr1,1,0,999999,83744,183743,0,999999,0,999999,0,999999,0,999999,
246,attr2_narrow,2,500000,999999,0,499999,658145,758144,74743,574742,500000,999999,35337,535336,
247,balanced,0,768114,968113,279615,479614,758148,958147,0,499999,379717,879716,253692,753691,
248,attr0_narrow,0,876657,976656,0,499999,406907,906906,495944,995943,291223,791222,0,499999,
249,attr1_narrow,1,150582,650581,840706,940705,119393,619392,159228,659227,240015,740014,63135,563134,
250,single_attr2,2,0,999999,0,999999,868079,968078,0,999999,0,999999,0,999999,
251,balanced,0,332716,532715,546152,746151,56238,256237,263533,763532,500000,999999,500000,999999,
252,attr0_narrow,0,0,99999,0,499999,139124,639123,20302,520301,423692,923691,500000,999999,
253,attr1_narrow,1,173153,673152,602092,702091,500000,999999,0,499999,5020,505019,431701,931700,
254,attr2_narrow,2,37674,537673,0,499999,32789,132788,0,499999,0,499999,0,499999,
255,single_attr3,3,0,999999,0,999999,0,999999,432400,532399,0,999999,0,999999,
256,attr0_narrow,0,322832,422831,452964,952963,0,499999,257568,757567,403390,903389,233835,733834,
257,attr1_narrow,1,500000,999999,318618,418617,347883,847882,0,499999,393092,893091,0,499999,
258,attr2_narrow,2,85201,585200,358780,858779,0,99999,473882,973881,333268,833267,0,499999,
259,balanced,0,800000,999999,101483,301482,459153,659152,500000,999999,0,499999,15684,515683,
260,single_attr4,4,0,999999,0,999999,0,999999,0,999999,158837,258836,0,999999,
261,attr1_narrow,1,0,499999,430616,530615,500000,999999,500000,999999,279406,779405,0,499999,
262,attr2_narrow,2,433731,933730,312939,812938,94063,194062,0,499999,500000,999999,0,499999,
263,balanced,0,800000,999999,800000,999999,463852,663851,0,499999,82069,582068,500000,999999,
264,attr0_narrow,0,229555,329554,353509,853508,311448,811447,490693,990692,0,499999,398502,898501,
265,single_attr5,5,0,999999,0,999999,0,999999,0,999999,0,999999,900000,999999,
266,attr2_narrow,2,0,499999,500000,999999,210047,310046,0,499999,224451,724450,487449,987448,
267,balanced,0,626724,826723,352945,552944,581473,781472,131262,631261,470437,970436,28286,528285,
268,attr0_narrow,0,707843,807842,0,499999,151801,651800,459453,959452,403898,903897,0,499999,
269,attr1_narrow,1,219328,719327,188001,288000,0,499999,419605,919604,308354,808353,340992,840991,
270,single_attr0,0,836657,936656,0,999999,0,999999,0,999999,0,999999,0,999999,
271,balanced,0,282125,482124,311992,511991,260478,460477,156153,656152,0,499999,500000,999999,
272,attr0_narrow,0,245434,345433,254671,754670,500000,999999,500000,999999,0,499999,126905,626904,
273,attr1_narrow,1,0,499999,588943,688942,500000,999999,114417,614416,491276,991275,0,499999,
274,attr2_narrow,2,115,500114,148684,648683,33235,133234,113024,613023,500000,999999,500000,999999,
275,single_attr1,1,0,999999,540528,640527,0,999999,0,999999,0,999999,0,999999,
276,attr0_narrow,0,730334,830333,500000,999999,320376,820375,428912,928911,355624,855623,19231,519230,
277,attr1_narrow,1,0,499999,511508,611507,444413,944412,0,499999,500000,999999,329507,829506,
278,attr2_narrow,2,500000,999999,500000,999999,451405,551404,0,499999,139669,639668,46781,546780,
279,balanced,0,3872,203871,596415,796414,0,199999,0,499999,500000,999999,0,499999,
280,single_attr2,2,0,999999,0,999999,173757,273756,0,999999,0,999999,0,999999,
281,attr1_narrow,1,60244,560243,639103,739102,234183,734182,0,499999,0,499999,500000,999999,
282,attr2_narrow,2,500000,999999,0,499999,827398,927397,0,499999,0,499999,500000,999999,
283,balanced,0,271378,471377,800000,999999,800000,999999,500000,999999,500000,999999,500000,999999,
284,attr0_narrow,0,245690,345689,157706,657705,500000,999999,46670,546669,0,499999,406641,906640,
285,single_attr3,3,0,999999,0,999999,0,999999,46252,146251,0,999999,0,999999,
286,attr2_narrow,2,0,499999,89379,589378,525075,625074,500000,999999,500000,999999,131243,631242,
287,balanced,0,441949,641948,650622,850621,202871,402870,0,499999,221463,721462,207703,707702,
288,attr0_narrow,0,888351,988350,378065,878064,94393,594392,41289,541288,0,499999,0,499999,
289,attr1_narrow,1,108220,608219,539307,639306,500000,999999,0,499999,500000,999999,210358,710357,
290,single_attr4,4,0,999999,0,999999,0,999999,0,999999,897928,997927,0,999999,
291,balanced,0,685337,885336,800000,999999,746820,946819,0,499999,382316,882315,303096,803095,
292,attr0_narrow,0,841586,941585,0,499999,0,499999,52187,552186,500000,999999,229263,729262,
293,attr1_narrow,1,0,499999,900000,999999,0,499999,0,499999,478854,978853,0,499999,
294,attr2_narrow,2,366564,866563,396448,896447,289332,389331,173219,673218,164272,664271,500000,999999,
295,single_attr5,5,0,999999,0,999999,0,999999,0,999999,0,999999,755616,855615,
296,attr0_narrow,0,2482,102481,500000,999999,0,499999,114107,614106,0,499999,6939,506938,
297,attr1_narrow,1,95266,595265,65434,165433,434541,934540,332110,832109,0,499999,0,499999,
298,attr2_narrow,2,29233,529232,0,499999,32243,132242,0,499999,134363,634362,500000,999999,
299,balanced,0,526771,726770,662400,862399,134270,334269,500000,999999,500000,999999,0,499999,
300,single_attr0,0,37848,137847,0,999999,0,999999,0,999999,0,999999,0,999999,
301,attr1_narrow,1,398291,898290,431798,531797,0,499999,388813,888812,442568,942567,9733,509732,
302,attr2_narrow,2,500000,999999,0,499999,316986,416985,500000,999999,419459,919458,0,499999,
303,balanced,0,0,199999,0,199999,419437,619436,84717,584716,56265,556264,66308,566307,
304,attr0_narrow,0,746998,846997,500000,999999,31848,531847,0,499999,500000,999999,0,499999,
305,single_attr1,1,0,999999,732335,832334,0,999999,0,999999,0,999999,0,999999,
306,attr2_narrow,2,500000,999999,148291,648290,616528,716527,0,499999,124140,624139,100642,600641,
307,balanced,0,297924,497923,467266,667265,167651,367650,500000,999999,269178,769177,500000,999999,
308,attr0_narrow,0,900000,999999,367143,867142,0,499999,318378,818377,252328,752327,0,499999,
309,attr1_narrow,1,157078,657077,80216,180215,406413,906412,363048,863047,500000,999999,415562,915561,
310,single_attr2,2,0,999999,0,999999,289689,389688,0,999999,0,999999,0,999999,
311,balanced,0,0,199999,473072,673071,442815,642814,345419,845418,0,499999,288454,788453,
312,attr0_narrow,0,268340,368339,251595,751594,103341,603340,500000,999999,450754,950753,0,499999,
313,attr1_narrow,1,92031,592030,42406,142405,0,499999,92338,592337,467712,967711,0,499999,
314,attr2_narrow,2,0,499999,0,499999,149096,249095,500000,999999,500000,999999,351710,851709,
315,single_attr3,3,0,999999,0,999999,0,999999,449209,549208,0,999999,0,999999,
316,attr0_narrow,0,436285,536284,500000,999999,0,499999,0,499999,230921,730920,125416,625415,
317,attr1_narrow,1,500000,999999,741164,841163,500000,999999,296550,796549,500000,999999,410047,910046,
318,attr2_narrow,2,469804,969803,0,499999,205026,305025,367729,867728,500000,999999,126488,626487,
319,balanced,0,329638,529637,591056,791055,92987,292986,409308,909307,30697,530696,25169,525168,
320,single_attr4,4,0,999999,0,999999,0,999999,0,999999,86272,186271,0,999999,
321,attr1_narrow,1,0,499999,120766,220765,500000,999999,500000,999999,500000,999999,11193,511192,
322,attr2_narrow,2,500000,999999,457972,957971,430628,530627,258419,758418,0,499999,0,499999,
323,balanced,0,481006,681005,216083,416082,735501,935500,500000,999999,500000,999999,22283,522282,
324,attr0_narrow,0,348614,448613,500000,999999,237381,737380,59517,559516,175420,675419,500000,999999,
325,single_attr5,5,0,999999,0,999999,0,999999,0,999999,0,999999,26781,126780,
326,attr2_narrow,2,241578,741577,0,499999,428303,528302,500000,999999,500000,999999,119710,619709,
327,balanced,0,285011,485010,325895,525894,490759,690758,500000,999999,316158,816157,255793,755792,
328,attr0_narrow,0,558563,658562,490897,990896,337645,837644,500000,999999,500000,999999,113378,613377,
329,attr1_narrow,1,330033,830032,172626,272625,72618,572617,0,499999,267278,767277,500000,999999,
330,single_attr0,0,596419,696418,0,999999,0,999999,0,999999,0,999999,0,999999,
331,balanced,0,208168,408167,321855,521854,800000,999999,137977,637976,197065,697064,26602,526601,
332,attr0_narrow,0,884361,984360,0,499999,218868,718867,117987,617986,0,499999,500000,999999,
333,attr1_narrow,1,0,499999,0,99999,0,499999,253365,753364,500000,999999,175772,675771,
334,attr2_narrow,2,119292,619291,228210,728209,62102,162101,0,499999,212270,712269,500000,999999,
335,single_attr1,1,0,999999,13014,113013,0,999999,0,999999,0,999999,0,999999,
336,attr0_narrow,0,510743,610742,321327,821326,500000,999999,323104,823103,0,499999,0,499999,
337,attr1_narrow,1,0,499999,900000,999999,0,499999,392869,892868,500000,999999,0,499999,
338,attr2_narrow,2,0,499999,449619,949618,751426,851425,0,499999,0,499999,78770,578769,
339,balanced,0,269918,469917,682383,882382,204335,404334,201017,701016,373641,873640,0,499999,
340,single_attr2,2,0,999999,0,999999,218873,318872,0,999999,0,999999,0,999999,
341,attr1_narrow,1,232274,732273,900000,999999,97683,597682,287819,787818,0,499999,500000,999999,
342,attr2_narrow,2,459494,959493,0,499999,328015,428014,0,499999,0,499999,500000,999999,
343,balanced,0,453613,653612,551824,751823,14942,214941,125962,625961,483998,983997,96897,596896,
344,attr0_narrow,0,760736,860735,136780,636779,467834,967833,0,499999,500000,999999,0,499999,
345,single_attr3,3,0,999999,0,999999,0,999999,0,99999,0,999999,0,999999,
346,attr2_narrow,2,0,499999,500000,999999,702873,802872,25283,525282,500000,999999,0,499999,
347,balanced,0,262298,462297,484988,684987,172073,372072,500000,999999,0,499999,0,499999,
348,attr0_narrow,0,525787,625786,0,499999,317907,817906,102876,602875,500000,999999,428772,928771,
349,attr1_narrow,1,500000,999999,185812,285811,275824,775823,500000,999999,197961,697960,171640,671639,
350,single_attr4,4,0,999999,0,999999,0,999999,0,999999,528758,628757,0,999999,
351,balanced,0,482151,682150,0,199999,264171,464170,483782,983781,0,499999,185768,685767,
352,attr0_narrow,0,272932,372931,0,499999,500000,999999,0,499999,0,499999,445709,945708,
353,attr1_narrow,1,0,499999,0,99999,33566,533565,489191,989190,0,499999,28080,528079,
354,attr2_narrow,2,82784,582783,500000,999999,357771,457770,500000,999999,500000,999999,500000,999999,
355,single_attr5,5,0,999999,0,999999,0,999999,0,999999,0,999999,847594,947593,
356,attr0_narrow,0,540679,640678,500000,999999,0,499999,59948,559947,0,499999,112901,612900,
357,attr1_narrow,1,0,499999,183987,283986,457711,957710,154696,654695,210734,710733,500000,999999,
358,attr2_narrow,2,500000,999999,0,499999,562156,662155,400157,900156,266229,766228,500000,999999,
359,balanced,0,237986,437985,88171,288170,93347,293346,0,499999,0,499999,500000,999999,
360,single_attr0,0,393261,493260,0,999999,0,999999,0,999999,0,999999,0,999999,
361,attr1_narrow,1,0,499999,252349,352348,0,499999,500000,999999,500000,999999,446670,946669,
362,attr2_narrow,2,0,499999,326823,826822,592342,692341,388051,888050,500000,999999,352260,852259,
363,balanced,0,800000,999999,463783,663782,173517,373516,225371,725370,500000,999999,0,499999,
364,attr0_narrow,0,570050,670049,500000,999999,500000,999999,0,499999,24288,524287,0,499999,
365,single_attr1,1,0,999999,530438,630437,0,999999,0,999999,0,999999,0,999999,
366,attr2_narrow,2,0,499999,309906,809905,39891,139890,182865,682864,500000,999999,500000,999999,
367,balanced,0,245865,445864,687088,887087,198745,398744,500000,999999,0,499999,462851,962850,
368,attr0_narrow,0,693542,793541,0,499999,0,499999,336029,836028,0,499999,0,499999,
369,attr1_narrow,1,0,499999,0,99999,489522,989521,500000,999999,157966,657965,218907,718906,
370,single_attr2,2,0,999999,0,999999,415600,515599,0,999999,0,999999,0,999999,
371,balanced,0,318108,518107,584989,784988,158842,358841,500000,999999,500000,999999,68812,568811,
372,attr0_narrow,0,219021,319020,238829,738828,0,499999,498199,998198,500000,999999,350529,850528,
373,attr1_narrow,1,329582,829581,587794,687793,500000,999999,301934,801933,445153,945152,0,499999,
374,attr2_narrow,2,0,499999,500000,999999,619434,719433,209361,709360,198148,698147,189009,689008,
375,single_attr3,3,0,999999,0,999999,0,999999,256290,356289,0,999999,0,999999,
376,attr0_narrow,0,253034,353033,119081,619080,455366,955365,41008,541007,70172,570171,500000,999999,
377,attr1_narrow,1,100576,600575,82329,182328,0,499999,500000,999999,0,499999,198553,698552,
378,attr2_narrow,2,500000,999999,0,499999,239712,339711,70232,570231,500000,999999,441876,941875,
379,balanced,0,0,199999,111432,311431,560579,760578,0,499999,141282,641281,0,499999,
380,single_attr4,4,0,999999,0,999999,0,999999,0,999999,476160,576159,0,999999,
381,attr1_narrow,1,15711,515710,343110,443109,500000,999999,0,499999,93596,593595,0,499999,
382,attr2_narrow,2,0,499999,121510,621509,900000,999999,0,499999,0,499999,0,499999,
383,balanced,0,686750,886749,727529,927528,197685,397684,500000,999999,500000,999999,71757,571756,
384,attr0_narrow,0,788478,888477,462933,962932,500000,999999,500000,999999,495936,995935,154228,654227,
385,single_attr5,5,0,999999,0,999999,0,999999,0,999999,0,999999,268396,368395,
386,attr2_narrow,2,96886,596885,500000,999999,4235,104234,0,499999,18326,518325,500000,999999,
387,balanced,0,800000,999999,311077,511076,494144,694143,0,499999,500000,999999,204030,704029,
388,attr0_narrow,0,722314,822313,463955,963954,0,499999,471658,971657,0,499999,86262,586261,
389,attr1_narrow,1,0,499999,702782,802781,53557,553556,0,499999,455127,955126,0,499999,
390,single_attr0,0,584332,684331,0,999999,0,999999,0,999999,0,999999,0,999999,
391,balanced,0,0,199999,0,199999,26331,226330,409698,909697,500000,999999,500000,999999,
392,attr0_narrow,0,472707,572706,0,499999,278178,778177,0,499999,104526,604525,0,499999,
393,attr1_narrow,1,323248,823247,27306,127305,358862,858861,0,499999,152853,652852,50358,550357,
394,attr2_narrow,2,7703,507702,500000,999999,824023,924022,241283,741282,233973,733972,19121,519120,
395,single_attr1,1,0,999999,508207,608206,0,999999,0,999999,0,999999,0,999999,
396,attr0_narrow,0,67970,167969,0,499999,500000,999999,0,499999,0,499999,374138,874137,
397,attr1_narrow,1,0,499999,238425,338424,500000,999999,365742,865741,165149,665148,26471,526470,
398,attr2_narrow,2,500000,999999,266306,766305,0,99999,207622,707621,421244,921243,75300,575299,
399,balanced,0,646023,846022,800000,999999,800000,999999,500000,999999,324530,824529,0,499999,
400,single_attr2,2,0,999999,0,999999,345140,445139,0,999999,0,999999,0,999999,
401,attr1_narrow,1,500000,999999,36519,136518,118315,618314,0,499999,500000,999999,213965,713964,
402,attr2_narrow,2,500000,999999,363617,863616,712665,812664,0,499999,301168,801167,319517,819516,
403,balanced,0,338590,538589,20630,220629,515560,715559,0,499999,500000,999999,425231,925230,
404,attr0_narrow,0,636512,736511,0,499999,456143,956142,0,499999,0,499999,154801,654800,
405,single_attr3,3,0,999999,0,999999,0,999999,291565,391564,0,999999,0,999999,
406,attr2_narrow,2,463657,963656,0,499999,36588,136587,63866,563865,500000,999999,500000,999999,
407,balanced,0,800000,999999,173037,373036,0,199999,320046,820045,500000,999999,500000,999999,
408,attr0_narrow,0,460914,560913,500000,999999,500000,999999,500000,999999,0,499999,500000,999999,
409,attr1_narrow,1,0,499999,90861,190860,39597,539596,500000,999999,0,499999,154585,654584,
410,single_attr4,4,0,999999,0,999999,0,999999,0,999999,625847,725846,0,999999,
411,balanced,0,373438,573437,0,199999,584783,784782,0,499999,457616,957615,0,499999,
412,attr0_narrow,0,864407,964406,500000,999999,250298,750297,147366,647365,192405,692404,0,499999,
413,attr1_narrow,1,124969,624968,493749,593748,500000,999999,500000,999999,198420,698419,500000,999999,
414,attr2_narrow,2,500000,999999,0,499999,430913,530912,500000,999999,500000,999999,443621,943620,
415,single_attr5,5,0,999999,0,999999,0,999999,0,999999,0,999999,233216,333215,
416,attr0_narrow,0,224405,324404,368463,868462,419031,919030,500000,999999,500000,999999,250081,750080,
417,attr1_narrow,1,0,499999,867541,967540,399536,899535,500000,999999,360553,860552,192251,692250,
418,attr2_narrow,2,401270,901269,166626,666625,0,99999,283111,783110,0,499999,265967,765966,
419,balanced,0,156443,356442,711243,911242,716620,916619,33278,533277,63370,563369,497946,997945,
420,single_attr0,0,328116,428115,0,999999,0,999999,0,999999,0,999999,0,999999,
421,attr1_narrow,1,225543,725542,100485,200484,406171,906170,500000,999999,0,499999,351555,851554,
422,attr2_narrow,2,145383,645382,264843,764842,619911,719910,0,499999,500000,999999,96762,596761,
423,balanced,0,0,199999,487160,687159,232495,432494,500000,999999,274852,774851,32309,532308,
424,attr0_narrow,0,477888,577887,0,499999,135382,635381,500000,999999,0,499999,0,499999,
425,single_attr1,1,0,999999,804882,904881,0,999999,0,999999,0,999999,0,999999,
426,attr2_narrow,2,500000,999999,152903,652902,143086,243085,224066,724065,500000,999999,500000,999999,
427,balanced,0,312831,512830,281279,481278,800000,999999,500000,999999,43759,543758,279842,779841,
428,attr0_narrow,0,666449,766448,0,499999,97719,597718,257602,757601,0,499999,31754,531753,
429,attr1_narrow,1,172732,672731,580245,680244,73276,573275,0,499999,0,499999,364572,864571,
430,single_attr2,2,0,999999,0,999999,690884,790883,0,999999,0,999999,0,999999,
431,balanced,0,371771,571770,488123,688122,399481,599480,500000,999999,0,499999,237276,737275,
432,attr0_narrow,0,897767,997766,0,499999,141907,641906,231553,731552,0,499999,500000,999999,
433,attr1_narrow,1,152205,652204,116239,216238,313838,813837,185981,685980,122698,622697,171673,671672,
434,attr2_narrow,2,447845,947844,0,499999,95785,195784,286480,786479,7085,507084,259217,759216,
435,single_attr3,3,0,999999,0,999999,0,999999,292841,392840,0,999999,0,999999,
436,attr0_narrow,0,19704,119703,383310,883309,371869,871868,127258,627257,358212,858211,500000,999999,
437,attr1_narrow,1,319777,819776,857424,957423,447144,947143,486694,986693,335377,835376,828,500827,
438,attr2_narrow,2,0,499999,375915,875914,813591,913590,0,499999,0,499999,500000,999999,
439,balanced,0,0,199999,246591,446590,155229,355228,138129,638128,317477,817476,14683,514682,
440,single_attr4,4,0,999999,0,999999,0,999999,0,999999,805265,905264,0,999999,
441,attr1_narrow,1,500000,999999,479530,579529,500000,999999,454002,954001,0,499999,0,499999,
442,attr2_narrow,2,0,499999,472286,972285,609909,709908,500000,999999,0,499999,153069,653068,
443,balanced,0,332909,532908,112770,312769,188369,388368,226760,726759,252786,752785,312179,812178,
444,attr0_narrow,0,404748,504747,500000,999999,500000,999999,8886,508885,226608,726607,0,499999,
445,single_attr5,5,0,999999,0,999999,0,999999,0,999999,0,999999,501663,601662,
446,attr2_narrow,2,0,499999,500000,999999,502895,602894,0,499999,434412,934411,214940,714939,
447,balanced,0,800000,999999,249046,449045,509884,709883,500000,999999,284286,784285,0,499999,
448,attr0_narrow,0,310489,410488,0,499999,225227,725226,0,499999,426086,926085,445857,945856,
449,attr1_narrow,1,448700,948699,231409,331408,67038,567037,435228,935227,2901,502900,397492,897491,
450,single_attr0,0,283749,383748,0,999999,0,999999,0,999999,0,999999,0,999999,
451,balanced,0,0,199999,645954,845953,800000,999999,500000,999999,358505,858504,368968,868967,
452,attr0_narrow,0,274385,374384,500000,999999,267095,767094,473870,973869,471649,971648,0,499999,
453,attr1_narrow,1,0,499999,875433,975432,451903,951902,0,499999,376573,876572,194069,694068,
454,attr2_narrow,2,500000,999999,500000,999999,900000,999999,264237,764236,0,499999,222390,722389,
455,single_attr1,1,0,999999,457130,557129,0,999999,0,999999,0,999999,0,999999,
456,attr0_narrow,0,639914,739913,183470,683469,99319,599318,0,499999,0,499999,500000,999999,
457,attr1_narrow,1,500000,999999,737009,837008,0,499999,0,499999,500000,999999,500000,999999,
458,attr2_narrow,2,119634,619633,465187,965186,264538,364537,0,499999,251030,751029,234559,734558,
459,balanced,0,375657,575656,2420,202419,800000,999999,408094,908093,203748,703747,227066,727065,
460,single_attr2,2,0,999999,0,999999,487435,587434,0,999999,0,999999,0,999999,
461,attr1_narrow,1,230571,730570,804009,904008,225653,725652,243277,743276,130898,630897,500000,999999,
462,attr2_narrow,2,425914,925913,28449,528448,646863,746862,0,499999,500000,999999,0,499999,
463,balanced,0,341046,541045,527128,727127,0,199999,500000,999999,202459,702458,0,499999,
464,attr0_narrow,0,0,99999,248615,748614,334731,834730,500000,999999,0,499999,500000,999999,
465,single_attr3,3,0,999999,0,999999,0,999999,484944,584943,0,999999,0,999999,
466,attr2_narrow,2,438492,938491,500000,999999,856938,956937,199979,699978,132849,632848,340274,840273,
467,balanced,0,142577,342576,523056,723055,44309,244308,222321,722320,382150,882149,377689,877688,
468,attr0_narrow,0,301942,401941,432122,932121,0,499999,63253,563252,500000,999999,246722,746721,
469,attr1_narrow,1,0,499999,691171,791170,500000,999999,0,499999,167864,667863,500000,999999,
470,single_attr4,4,0,999999,0,999999,0,999999,0,999999,529601,629600,0,999999,
471,balanced,0,20444,220443,372500,572499,800000,999999,0,499999,0,499999,250209,750208,
472,attr0_narrow,0,97942,197941,149115,649114,34979,534978,424445,924444,337926,837925,0,499999,
473,attr1_narrow,1,47197,547196,80264,180263,0,499999,0,499999,297670,797669,286975,786974,
474,attr2_narrow,2,0,499999,412746,912745,330411,430410,500000,999999,300705,800704,500000,999999,
475,single_attr5,5,0,999999,0,999999,0,999999,0,999999,0,999999,844386,944385,
476,attr0_narrow,0,0,99999,251780,751779,219311,719310,256058,756057,0,499999,185766,685765,
477,attr1_narrow,1,0,499999,208742,308741,500000,999999,500000,999999,0,499999,500000,999999,
478,attr2_narrow,2,0,499999,0,499999,267253,367252,500000,999999,0,499999,306745,806744,
479,balanced,0,0,199999,408576,608575,506635,706634,324170,824169,500000,999999,500000,999999,
480,single_attr0,0,900000,999999,0,999999,0,999999,0,999999,0,999999,0,999999,
481,attr1_narrow,1,500000,999999,457850,557849,500000,999999,466835,966834,0,499999,271016,771015,
482,attr2_narrow,2,500000,999999,0,499999,682088,782087,0,499999,27574,527573,446704,946703,
483,balanced,0,31367,231366,359653,559652,420166,620165,0,499999,500000,999999,376281,876280,
484,attr0_narrow,0,533804,633803,199494,699493,357899,857898,500000,999999,0,499999,439309,939308,
485,single_attr1,1,0,999999,845484,945483,0,999999,0,999999,0,999999,0,999999,
486,attr2_narrow,2,0,499999,268630,768629,722621,822620,0,499999,500000,999999,500000,999999,
487,balanced,0,744631,944630,667820,867819,485781,685780,1311,501310,500000,999999,0,499999,
488,attr0_narrow,0,0,99999,394108,894107,62823,562822,0,499999,500000,999999,470175,970174,
489,attr1_narrow,1,483442,983441,366697,466696,0,499999,339357,839356,0,499999,58907,558906,
490,single_attr2,2,0,999999,0,999999,814197,914196,0,999999,0,999999,0,999999,
491,balanced,0,557443,757442,189000,388999,433140,633139,14964,514963,6074,506073,0,499999,
492,attr0_narrow,0,221802,321801,500000,999999,21456,521455,0,499999,500000,999999,500000,999999,
493,attr1_narrow,1,166833,666832,317370,417369,500000,999999,500000,999999,465535,965534,500000,999999,
494,attr2_narrow,2,0,499999,0,499999,363249,463248,500000,999999,275456,775455,0,499999,
495,single_attr3,3,0,999999,0,999999,0,999999,792426,892425,0,999999,0,999999,
496,attr0_narrow,0,267268,367267,451259,951258,358308,858307,287157,787156,500000,999999,0,499999,
497,attr1_narrow,1,500000,999999,307598,407597,0,499999,500000,999999,0,499999,0,499999,
498,attr2_narrow,2,500000,999999,144765,644764,656646,756645,500000,999999,58951,558950,232774,732773,
499,balanced,0,25854,225853,358856,558855,518421,718420,0,499999,246594,746593,0,499999,
500,single_attr4,4,0,999999,0,999999,0,999999,0,999999,815799,915798,0,999999,
501,attr1_narrow,1,500000,999999,168762,268761,459102,959101,0,499999,500000,999999,27941,527940,
502,attr2_narrow,2,500000,999999,0,499999,868756,968755,112791,612790,167190,667189,436178,936177,
503,balanced,0,0,199999,758911,958910,0,199999,500000,999999,76172,576171,0,499999,
504,attr0_narrow,0,487034,587033,191035,691034,142943,642942,111729,611728,412693,912692,23944,523943,
505,single_attr5,5,0,999999,0,999999,0,999999,0,999999,0,999999,588754,688753,
506,attr2_narrow,2,0,499999,0,499999,254418,354417,7967,507966,500000,999999,3475,503474,
507,balanced,0,474883,674882,0,199999,800000,999999,295734,795733,0,499999,0,499999,
508,attr0_narrow,0,297180,397179,0,499999,500000,999999,7101,507100,20707,520706,105412,605411,
509,attr1_narrow,1,500000,999999,584328,684327,500000,999999,441429,941428,500000,999999,222827,722826,
510,single_attr0,0,892032,992031,0,999999,0,999999,0,999999,0,999999,0,999999,
511,balanced,0,800000,999999,158505,358504,0,199999,500000,999999,208622,708621,192083,692082,
512,attr0_narrow,0,862768,962767,500000,999999,105958,605957,220985,720984,500000,999999,500000,999999,
513,attr1_narrow,1,0,499999,673656,773655,0,499999,449812,949811,208310,708309,293843,793842,
514,attr2_narrow,2,500000,999999,250371,750370,37817,137816,0,499999,432275,932274,98853,598852,
515,single_attr1,1,0,999999,98141,198140,0,999999,0,999999,0,999999,0,999999,
516,attr0_narrow,0,327908,427907,500000,999999,500000,999999,82074,582073,0,499999,157154,657153,
517,attr1_narrow,1,500000,999999,150360,250359,408320,908319,411589,911588,500000,999999,0,499999,
518,attr2_narrow,2,500000,999999,119698,619697,900000,999999,113961,613960,90587,590586,162755,662754,
519,balanced,0,672588,872587,800000,999999,355935,555934,325478,825477,274049,774048,0,499999,
520,single_attr2,2,0,999999,0,999999,868811,968810,0,999999,0,999999,0,999999,
521,attr1_narrow,1,50286,550285,805879,905878,500000,999999,0,499999,88480,588479,500000,999999,
522,attr2_narrow,2,500000,999999,500000,999999,900000,999999,0,499999,500000,999999,500000,999999,
523,balanced,0,434310,634309,787969,987968,692578,892577,500000,999999,0,499999,276600,776599,
524,attr0_narrow,0,227143,327142,63957,563956,130821,630820,412964,912963,441010,941009,500000,999999,
525,single_attr3,3,0,999999,0,999999,0,999999,366771,466770,0,999999,0,999999,
526,attr2_narrow,2,0,499999,500000,999999,597330,697329,400400,900399,0,499999,0,499999,
527,balanced,0,277521,477520,646000,845999,800000,999999,0,499999,155333,655332,76368,576367,
528,attr0_narrow,0,344594,444593,500000,999999,500000,999999,72802,572801,500000,999999,0,499999,
529,attr1_narrow,1,0,499999,744459,844458,98644,598643,179394,679393,173317,673316,0,499999,
530,single_attr4,4,0,999999,0,999999,0,999999,0,999999,835186,935185,0,999999,
531,balanced,0,650897,850896,537071,737070,614103,814102,500000,999999,0,499999,289313,789312,
532,attr0_narrow,0,748392,848391,500000,999999,486104,986103,205693,705692,125735,625734,500000,999999,
533,attr1_narrow,1,0,499999,485516,585515,12028,512027,392572,892571,0,499999,0,499999,
534,attr2_narrow,2,0,499999,172635,672634,242812,342811,0,499999,272244,772243,499316,999315,
535,single_attr5,5,0,999999,0,999999,0,999999,0,999999,0,999999,387675,487674,
536,attr0_narrow,0,609170,709169,0,499999,382275,882274,500000,999999,500000,999999,345274,845273,
537,attr1_narrow,1,0,499999,900000,999999,345679,845678,500000,999999,161345,661344,110068,610067,
538,attr2_narrow,2,308504,808503,114605,614604,551507,651506,0,499999,500000,999999,500000,999999,
539,balanced,0,169571,369570,450796,650795,387232,587231,450574,950573,195072,695071,0,499999,
540,single_attr0,0,900000,999999,0,999999,0,999999,0,999999,0,999999,0,999999,
541,attr1_narrow,1,500000,999999,257804,357803,473595,973594,500000,999999,131192,631191,500000,999999,
542,attr2_narrow,2,440353,940352,297258,797257,401639,501638,297432,797431,0,499999,500000,999999,
543,balanced,0,0,199999,628905,828904,236438,436437,0,499999,253623,753622,164535,664534,
544,attr0_narrow,0,291050,391049,500000,999999,500000,999999,249370,749369,447289,947288,500000,999999,
545,single_attr1,1,0,999999,57140,157139,0,999999,0,999999,0,999999,0,999999,
546,attr2_narrow,2,0,499999,258159,758158,90622,190621,0,499999,98709,598708,0,499999,
547,balanced,0,737065,937064,61953,261952,700462,900461,500000,999999,372218,872217,121020,621019,
548,attr0_narrow,0,279646,379645,0,499999,0,499999,247106,747105,496488,996487,0,499999,
549,attr1_narrow,1,500000,999999,188467,288466,0,499999,63973,563972,236149,736148,177416,677415,
550,single_attr2,2,0,999999,0,999999,189841,289840,0,999999,0,999999,0,999999,
551,balanced,0,298080,498079,501558,701557,262724,462723,0,499999,0,499999,0,499999,
552,attr0_narrow,0,0,99999,500000,999999,0,499999,0,499999,0,499999,0,499999,
553,attr1_narrow,1,500000,999999,283472,383471,500000,999999,198501,698500,500000,999999,94611,594610,
554,attr2_narrow,2,367981,867980,358828,858827,623017,723016,398235,898234,13262,513261,0,499999,
555,single_attr3,3,0,999999,0,999999,0,999999,898054,998053,0,999999,0,999999,
556,attr0_narrow,0,666161,766160,500000,999999,301239,801238,191484,691483,500000,999999,500000,999999,
557,attr1_narrow,1,315504,815503,374285,474284,43829,543828,432511,932510,3674,503673,500000,999999,
558,attr2_narrow,2,412838,912837,97207,597206,292244,392243,0,499999,385313,885312,24654,524653,
559,balanced,0,800000,999999,252171,452170,99588,299587,208244,708243,242012,742011,500000,999999,
560,single_attr4,4,0,999999,0,999999,0,999999,0,999999,631411,731410,0,999999,
561,attr1_narrow,1,317387,817386,900000,999999,500000,999999,500000,999999,500000,999999,351142,851141,
562,attr2_narrow,2,500000,999999,134968,634967,661754,761753,0,499999,118059,618058,151525,651524,
563,balanced,0,800000,999999,642338,842337,778714,978713,0,499999,310279,810278,500000,999999,
564,attr0_narrow,0,825043,925042,0,499999,500000,999999,0,499999,500000,999999,0,499999,
565,single_attr5,5,0,999999,0,999999,0,999999,0,999999,0,999999,627322,727321,
566,attr2_narrow,2,0,499999,112752,612751,495181,595180,0,499999,500000,999999,500000,999999,
567,balanced,0,697799,897798,703646,903645,81087,281086,0,499999,43297,543296,10184,510183,
568,attr0_narrow,0,71841,171840,500000,999999,331129,831128,497566,997565,0,499999,500000,999999,
569,attr1_narrow,1,71160,571159,659327,759326,344253,844252,458390,958389,125032,625031,456651,956650,
570,single_attr0,0,349418,449417,0,999999,0,999999,0,999999,0,999999,0,999999,
571,balanced,0,751718,951717,494132,694131,674251,874250,0,499999,421020,921019,379832,879831,
572,attr0_narrow,0,434905,534904,0,499999,0,499999,301586,801585,500000,999999,484007,984006,
573,attr1_narrow,1,500000,999999,440980,540979,500000,999999,0,499999,0,499999,143576,643575,
574,attr2_narrow,2,66149,566148,0,499999,54317,154316,159119,659118,0,499999,0,499999,
575,single_attr1,1,0,999999,856070,956069,0,999999,0,999999,0,999999,0,999999,
576,attr0_narrow,0,315062,415061,268849,768848,55527,555526,188768,688767,168119,668118,0,499999,
577,attr1_narrow,1,451353,951352,213258,313257,147069,647068,216657,716656,428352,928351,47542,547541,
578,attr2_narrow,2,0,499999,295734,795733,196854,296853,282284,782283,81186,581185,387986,887985,
579,balanced,0,235120,435119,345006,545005,170341,370340,500000,999999,0,499999,500000,999999,
580,single_attr2,2,0,999999,0,999999,30803,130802,0,999999,0,999999,0,999999,
581,attr1_narrow,1,83010,583009,417640,517639,0,499999,236472,736471,397707,897706,500000,999999,
582,attr2_narrow,2,0,499999,500000,999999,726689,826688,26170,526169,330949,830948,89418,589417,
583,balanced,0,212972,412971,417130,617129,9928,209927,276189,776188,500000,999999,498781,998780,
584,attr0_narrow,0,335818,435817,450952,950951,158166,658165,412059,912058,281817,781816,0,499999,
585,single_attr3,3,0,999999,0,999999,0,999999,130767,230766,0,999999,0,999999,
586,attr2_narrow,2,281569,781568,87019,587018,640661,740660,500000,999999,297538,797537,450833,950832,
587,balanced,0,477918,677917,56266,256265,231321,431320,372024,872023,152084,652083,0,499999,
588,attr0_narrow,0,651626,751625,0,499999,0,499999,0,499999,0,499999,500000,999999,
589,attr1_narrow,1,0,499999,117064,217063,0,499999,0,499999,383358,883357,192130,692129,
590,single_attr4,4,0,999999,0,999999,0,999999,0,999999,750087,850086,0,999999,
591,balanced,0,258182,458181,636757,836756,588112,788111,500000,999999,500000,999999,191918,691917,
592,attr0_narrow,0,798274,898273,266308,766307,191580,691579,500000,999999,2199,502198,0,499999,
593,attr1_narrow,1,0,499999,802634,902633,79614,579613,0,499999,348931,848930,0,499999,
594,attr2_narrow,2,500000,999999,0,499999,250932,350931,427283,927282,204887,704886,221446,721445,
595,single_attr5,5,0,999999,0,999999,0,999999,0,999999,0,999999,867789,967788,
596,attr0_narrow,0,448703,548702,466659,966658,202495,702494,0,499999,0,499999,500000,999999,
597,attr1_narrow,1,400374,900373,228416,328415,211410,711409,354338,854337,398582,898581,500000,999999,
598,attr2_narrow,2,500000,999999,181146,681145,274963,374962,500000,999999,289497,789496,0,499999,
599,balanced,0,744915,944914,231999,431998,16513,216512,500000,999999,383115,883114,500000,999999,
600,single_attr0,0,286790,386789,0,999999,0,999999,0,999999,0,999999,0,999999,
601,attr1_narrow,1,238563,738562,230250,330249,405509,905508,500000,999999,500000,999999,6264,506263,
602,attr2_narrow,2,500000,999999,0,499999,900000,999999,0,499999,247347,747346,500000,999999,
603,balanced,0,673783,873782,728080,928079,438344,638343,268681,768680,346660,846659,422573,922572,
604,attr0_narrow,0,612915,712914,0,499999,500000,999999,334593,834592,468435,968434,0,499999,
605,single_attr1,1,0,999999,238903,338902,0,999999,0,999999,0,999999,0,999999,
606,attr2_narrow,2,500000,999999,0,499999,822575,922574,254181,754180,306534,806533,0,499999,
607,balanced,0,400372,600371,196774,396773,409192,609191,500000,999999,500000,999999,500000,999999,
608,attr0_narrow,0,589835,689834,0,499999,500000,999999,30735,530734,0,499999,187671,687670,
609,attr1_narrow,1,0,499999,0,99999,352464,852463,0,499999,48481,548480,0,499999,
610,single_attr2,2,0,999999,0,999999,76359,176358,0,999999,0,999999,0,999999,
611,balanced,0,744556,944555,761248,961247,224412,424411,0,499999,500000,999999,0,499999,
612,attr0_narrow,0,900000,999999,436677,936676,167846,667845,101602,601601,500000,999999,265195,765194,
613,attr1_narrow,1,500000,999999,522020,622019,366256,866255,0,499999,0,499999,297714,797713,
614,attr2_narrow,2,500000,999999,500000,999999,0,99999,0,499999,346120,846119,500000,999999,
615,single_attr3,3,0,999999,0,999999,0,999999,267635,367634,0,999999,0,999999,
616,attr0_narrow,0,792471,892470,449371,949370,247348,747347,133706,633705,500000,999999,0,499999,
617,attr1_narrow,1,402155,902154,734168,834167,0,499999,500000,999999,176592,676591,431271,931270,
618,attr2_narrow,2,85266,585265,461474,961473,301036,401035,500000,999999,230610,730609,106888,606887,
619,balanced,0,800000,999999,2564,202563,417065,617064,500000,999999,381918,881917,500000,999999,
620,single_attr4,4,0,999999,0,999999,0,999999,0,999999,479224,579223,0,999999,
621,attr1_narrow,1,411248,911247,529944,629943,422471,922470,47235,547234,348263,848262,248985,748984,
622,attr2_narrow,2,500000,999999,355294,855293,113515,213514,0,499999,372738,872737,500000,999999,
623,balanced,0,204556,404555,114907,314906,684187,884186,52315,552314,0,499999,500000,999999,
624,attr0_narrow,0,449529,549528,269907,769906,83374,583373,0,499999,302026,802025,326619,826618,
625,single_attr5,5,0,999999,0,999999,0,999999,0,999999,0,999999,55384,155383,
626,attr2_narrow,2,500000,999999,0,499999,605219,705218,500000,999999,315763,815762,500000,999999,
627,balanced,0,0,199999,557008,757007,656654,856653,0,499999,0,499999,154887,654886,
628,attr0_narrow,0,182,100181,215250,715249,0,499999,250928,750927,500000,999999,500000,999999,
629,attr1_narrow,1,101026,601025,226369,326368,454150,954149,137090,637089,213969,713968,226109,726108,
630,single_attr0,0,77652,177651,0,999999,0,999999,0,999999,0,999999,0,999999,
631,balanced,0,453255,653254,391483,591482,7419,207418,88009,588008,500000,999999,85319,585318,
632,attr0_narrow,0,344392,444391,0,499999,0,499999,65775,565774,0,499999,0,499999,
633,attr1_narrow,1,347992,847991,370802,470801,376811,876810,427179,927178,0,499999,500000,999999,
634,attr2_narrow,2,0,499999,0,499999,500534,600533,446034,946033,275022,775021,500000,999999,
635,single_attr1,1,0,999999,11366,111365,0,999999,0,999999,0,999999,0,999999,
636,attr0_narrow,0,775130,875129,500000,999999,0,499999,0,499999,0,499999,124548,624547,
637,attr1_narrow,1,304127,804126,425986,525985,500000,999999,0,499999,32086,532085,233057,733056,
638,attr2_narrow,2,500000,999999,500000,999999,261891,361890,231127,731126,500000,999999,0,499999,
639,balanced,0,0,199999,324736,524735,167046,367045,0,499999,0,499999,214500,714499,
640,single_attr2,2,0,999999,0,999999,668867,768866,0,999999,0,999999,0,999999,
641,attr1_narrow,1,0,499999,279248,379247,485535,985534,469308,969307,500000,999999,455133,955132,
642,attr2_narrow,2,0,499999,452305,952304,351960,451959,0,499999,0,499999,34054,534053,
643,balanced,0,34465,234464,238138,438137,108003,308002,412407,912406,113259,613258,252384,752383,
644,attr0_narrow,0,20283,120282,482192,982191,500000,999999,28428,528427,0,499999,500000,999999,
645,single_attr3,3,0,999999,0,999999,0,999999,495993,595992,0,999999,0,999999,
646,attr2_narrow,2,167615,667614,500000,999999,545419,645418,500000,999999,0,499999,0,499999,
647,balanced,0,268204,468203,397108,597107,678638,878637,295501,795500,500000,999999,363738,863737,
648,attr0_narrow,0,52894,152893,236496,736495,500000,999999,293866,793865,174136,674135,500000,999999,
649,attr1_narrow,1,311025,811024,682290,782289,0,499999,28035,528034,0,499999,18308,518307,
650,single_attr4,4,0,999999,0,999999,0,999999,0,999999,504903,604902,0,999999,
651,balanced,0,513892,713891,125959,325958,130742,330741,500000,999999,223230,723229,500000,999999,
652,attr0_narrow,0,112873,212872,401882,901881,195264,695263,0,499999,0,499999,91936,591935,
653,attr1_narrow,1,0,499999,623977,723976,380611,880610,0,499999,0,499999,0,499999,
654,attr2_narrow,2,129650,629649,252289,752288,468364,568363,500000,999999,0,499999,0,499999,
655,single_attr5,5,0,999999,0,999999,0,999999,0,999999,0,999999,893431,993430,
656,attr0_narrow,0,257084,357083,488217,988216,299412,799411,94256,594255,500000,999999,353977,853976,
657,attr1_narrow,1,0,499999,21185,121184,177177,677176,0,499999,0,499999,0,499999,
658,attr2_narrow,2,500000,999999,183235,683234,560188,660187,321286,821285,247825,747824,500000,999999,
659,balanced,0,510336,710335,800000,999999,508414,708413,122510,622509,129861,629860,322948,822947,
660,single_attr0,0,578246,678245,0,999999,0,999999,0,999999,0,999999,0,999999,
661,attr1_narrow,1,170114,670113,864355,964354,0,499999,9819,509818,500000,999999,51846,551845,
662,attr2_narrow,2,179740,679739,500000,999999,15299,115298,496825,996824,318465,818464,500000,999999,
663,balanced,0,0,199999,458959,658958,0,199999,88846,588845,449265,949264,13363,513362,
664,attr0_narrow,0,167349,267348,256014,756013,0,499999,500000,999999,455404,955403,0,499999,
665,single_attr1,1,0,999999,459902,559901,0,999999,0,999999,0,999999,0,999999,
666,attr2_narrow,2,246701,746700,161967,661966,28797,128796,182984,682983,331457,831456,84338,584337,
667,balanced,0,774789,974788,2119,202118,206936,406935,453391,953390,500000,999999,500000,999999,
668,attr0_narrow,0,241882,341881,454157,954156,500000,999999,0,499999,500000,999999,252496,752495,
669,attr1_narrow,1,500000,999999,817872,917871,31853,531852,51613,551612,500000,999999,500000,999999,
670,single_attr2,2,0,999999,0,999999,159464,259463,0,999999,0,999999,0,999999,
671,balanced,0,800000,999999,0,199999,0,199999,500000,999999,446941,946940,500000,999999,
672,attr0_narrow,0,806103,906102,0,499999,137578,637577,382859,882858,0,499999,380347,880346,
673,attr1_narrow,1,0,499999,601310,701309,500000,999999,0,499999,0,499999,0,499999,
674,attr2_narrow,2,444524,944523,475910,975909,195482,295481,14415,514414,90315,590314,500000,999999,
675,single_attr3,3,0,999999,0,999999,0,999999,150567,250566,0,999999,0,999999,
676,attr0_narrow,0,89365,189364,180910,680909,186296,686295,500000,999999,500000,999999,442010,942009,
677,attr1_narrow,1,0,499999,304175,404174,248095,748094,0,499999,0,499999,352835,852834,
678,attr2_narrow,2,433266,933265,0,499999,498198,598197,265725,765724,459249,959248,229807,729806,
679,balanced,0,515110,715109,411990,611989,614084,814083,200576,700575,359676,859675,0,499999,
680,single_attr4,4,0,999999,0,999999,0,999999,0,999999,533166,633165,0,999999,
681,attr1_narrow,1,227906,727905,830181,930180,500000,999999,344615,844614,387194,887193,500000,999999,
682,attr2_narrow,2,199835,699834,0,499999,771015,871014,500000,999999,0,499999,312442,812441,
683,balanced,0,0,199999,241507,441506,800000,999999,0,499999,500000,999999,367290,867289,
684,attr0_narrow,0,277603,377602,314276,814275,377200,877199,500000,999999,500000,999999,331803,831802,
685,single_attr5,5,0,999999,0,999999,0,999999,0,999999,0,999999,803753,903752,
686,attr2_narrow,2,126632,626631,500000,999999,847860,947859,500000,999999,442903,942902,0,499999,
687,balanced,0,793073,993072,245396,445395,800000,999999,364192,864191,500000,999999,500000,999999,
688,attr0_narrow,0,900000,999999,500000,999999,0,499999,358446,858445,500000,999999,478676,978675,
689,attr1_narrow,1,63967,563966,900000,999999,237452,737451,425007,925006,500000,999999,500000,999999,
690,single_attr0,0,765540,865539,0,999999,0,999999,0,999999,0,999999,0,999999,
691,balanced,0,383473,583472,586524,786523,473215,673214,500000,999999,0,499999,500000,999999,
692,attr0_narrow,0,685063,785062,500000,999999,169117,669116,500000,999999,200335,700334,211418,711417,
693,attr1_narrow,1,2585,502584,671053,771052,500000,999999,328679,828678,500000,999999,0,499999,
694,attr2_narrow,2,192744,692743,63068,563067,545185,645184,500000,999999,500000,999999,0,499999,
695,single_attr1,1,0,999999,900000,999999,0,999999,0,999999,0,999999,0,999999,
696,attr0_narrow,0,375365,475364,500000,999999,183657,683656,268569,768568,243615,743614,500000,999999,
697,attr1_narrow,1,394067,894066,385814,485813,500000,999999,500000,999999,500000,999999,73752,573751,
698,attr2_narrow,2,500000,999999,8954,508953,192597,292596,0,499999,0,499999,500000,999999,
699,balanced,0,800000,999999,0,199999,218015,418014,332726,832725,500000,999999,0,499999,
700,single_attr2,2,0,999999,0,999999,470550,570549,0,999999,0,999999,0,999999,
701,attr1_narrow,1,192444,692443,380381,480380,500000,999999,500000,999999,0,499999,222605,722604,
702,attr2_narrow,2,500000,999999,500000,999999,210575,310574,71682,571681,257162,757161,88654,588653,
703,balanced,0,553304,753303,381772,581771,67767,267766,250020,750019,0,499999,500000,999999,
704,attr0_narrow,0,232149,332148,127058,627057,367043,867042,0,499999,477945,977944,201408,701407,
705,single_attr3,3,0,999999,0,999999,0,999999,665743,765742,0,999999,0,999999,
706,attr2_narrow,2,310911,810910,292591,792590,723275,823274,141120,641119,283230,783229,328395,828394,
707,balanced,0,686162,886161,783836,983835,724786,924785,0,499999,0,499999,500000,999999,
708,attr0_narrow,0,671213,771212,0,499999,500000,999999,0,499999,165112,665111,211078,711077,
709,attr1_narrow,1,500000,999999,446766,546765,0,499999,499678,999677,0,499999,500000,999999,
710,single_attr4,4,0,999999,0,999999,0,999999,0,999999,648581,748580,0,999999,
711,balanced,0,308840,508839,344356,544355,535058,735057,25393,525392,0,499999,500000,999999,
712,attr0_narrow,0,606364,706363,464045,964044,0,499999,500000,999999,500000,999999,333382,833381,
713,attr1_narrow,1,431943,931942,182273,282272,309164,809163,500000,999999,88088,588087,0,499999,
714,attr2_narrow,2,101188,601187,231227,731226,0,99999,500000,999999,142203,642202,346651,846650,
715,single_attr5,5,0,999999,0,999999,0,999999,0,999999,0,999999,0,99999,
716,attr0_narrow,0,421508,521507,140974,640973,320659,820658,0,499999,198839,698838,479738,979737,
717,attr1_narrow,1,203701,703700,407684,507683,500000,999999,500000,999999,500000,999999,500000,999999,
718,attr2_narrow,2,0,499999,437529,937528,310914,410913,0,499999,130407,630406,500000,999999,
719,balanced,0,558037,758036,800000,999999,0,199999,500000,999999,0,499999,250837,750836,
720,single_attr0,0,576134,676133,0,999999,0,999999,0,999999,0,999999,0,999999,
721,attr1_narrow,1,0,499999,900000,999999,369375,869374,150189,650188,25707,525706,500000,999999,
722,attr2_narrow,2,264504,764503,0,499999,307056,407055,500000,999999,0,499999,492406,992405,
723,balanced,0,769990,969989,675935,875934,112106,312105,500000,999999,500000,999999,327649,827648,
724,attr0_narrow,0,368325,468324,250010,750009,112017,612016,319787,819786,0,499999,0,499999,
725,single_attr1,1,0,999999,335531,435530,0,999999,0,999999,0,999999,0,999999,
726,attr2_narrow,2,440822,940821,500000,999999,302258,402257,500000,999999,204503,704502,43412,543411,
727,balanced,0,174805,374804,441959,641958,788335,988334,173810,673809,0,499999,102824,602823,
728,attr0_narrow,0,302110,402109,0,499999,0,499999,500000,999999,0,499999,122493,622492,
729,attr1_narrow,1,217347,717346,621764,721763,0,499999,258701,758700,326946,826945,29846,529845,
730,single_attr2,2,0,999999,0,999999,197481,297480,0,999999,0,999999,0,999999,
731,balanced,0,279406,479405,787764,987763,699911,899910,338740,838739,182962,682961,0,499999,
732,attr0_narrow,0,486711,586710,500000,999999,461579,961578,98463,598462,210502,710501,500000,999999,
733,attr1_narrow,1,500000,999999,788597,888596,255841,755840,59848,559847,500000,999999,500000,999999,
734,attr2_narrow,2,0,499999,72589,572588,393830,493829,19057,519056,449997,949996,0,499999,
735,single_attr3,3,0,999999,0,999999,0,999999,819748,919747,0,999999,0,999999,
736,attr0_narrow,0,134639,234638,120934,620933,461571,961570,0,499999,338512,838511,500000,999999,
737,attr1_narrow,1,384497,884496,0,99999,500000,999999,120493,620492,500000,999999,77205,577204,
738,attr2_narrow,2,253707,753706,0,499999,900000,999999,9984,509983,151855,651854,54208,554207,
739,balanced,0,800000,999999,285476,485475,0,199999,500000,999999,276134,776133,233733,733732,
740,single_attr4,4,0,999999,0,999999,0,999999,0,999999,641473,741472,0,999999,
741,attr1_narrow,1,0,499999,716979,816978,306260,806259,0,499999,0,499999,58026,558025,
742,attr2_narrow,2,410054,910053,283813,783812,553048,653047,500000,999999,0,499999,477642,977641,
743,balanced,0,405304,605303,608875,808874,429761,629760,483454,983453,126538,626537,500000,999999,
744,attr0_narrow,0,327475,427474,500000,999999,500000,999999,321666,821665,278325,778324,500000,999999,
745,single_attr5,5,0,999999,0,999999,0,999999,0,999999,0,999999,597261,697260,
746,attr2_narrow,2,0,499999,0,499999,833735,933734,331408,831407,340391,840390,0,499999,
747,balanced,0,800000,999999,800000,999999,223512,423511,46695,546694,164743,664742,0,499999,
748,attr0_narrow,0,330625,430624,302078,802077,0,499999,314593,814592,128259,628258,500000,999999,
749,attr1_narrow,1,500000,999999,642959,742958,0,499999,314607,814606,500000,999999,500000,999999,
750,single_attr0,0,192086,292085,0,999999,0,999999,0,999999,0,999999,0,999999,
751,balanced,0,800000,999999,0,199999,407317,607316,500000,999999,500000,999999,0,499999,
752,attr0_narrow,0,566872,666871,0,499999,500000,999999,349285,849284,500000,999999,89415,589414,
753,attr1_narrow,1,500000,999999,349894,449893,500000,999999,500000,999999,500000,999999,478571,978570,
754,attr2_narrow,2,500000,999999,500000,999999,540587,640586,500000,999999,206226,706225,434816,934815,
755,single_attr1,1,0,999999,864733,964732,0,999999,0,999999,0,999999,0,999999,
756,attr0_narrow,0,640698,740697,42101,542100,0,499999,428196,928195,0,499999,500000,999999,
757,attr1_narrow,1,500000,999999,669597,769596,59992,559991,500000,999999,22424,522423,500000,999999,
758,attr2_narrow,2,80913,580912,0,499999,563948,663947,178169,678168,334219,834218,0,499999,
759,balanced,0,784062,984061,247049,447048,472187,672186,220265,720264,500000,999999,500000,999999,
760,single_attr2,2,0,999999,0,999999,900000,999999,0,999999,0,999999,0,999999,
761,attr1_narrow,1,49742,549741,40876,140875,0,499999,418189,918188,356583,856582,500000,999999,
762,attr2_narrow,2,0,499999,133147,633146,0,99999,168278,668277,0,499999,117105,617104,
763,balanced,0,719549,919548,182707,382706,37713,237712,500000,999999,0,499999,102672,602671,
764,attr0_narrow,0,61819,161818,360651,860650,0,499999,1316,501315,0,499999,408706,908705,
765,single_attr3,3,0,999999,0,999999,0,999999,156717,256716,0,999999,0,999999,
766,attr2_narrow,2,266628,766627,500000,999999,900000,999999,75004,575003,331033,831032,500000,999999,
767,balanced,0,535240,735239,0,199999,647911,847910,392367,892366,203381,703380,161788,661787,
768,attr0_narrow,0,706911,806910,402571,902570,446853,946852,386999,886998,399768,899767,121543,621542,
769,attr1_narrow,1,0,499999,0,99999,300945,800944,21626,521625,500000,999999,387530,887529,
770,single_attr4,4,0,999999,0,999999,0,999999,0,999999,597415,697414,0,999999,
771,balanced,0,800000,999999,442723,642722,239842,439841,500000,999999,150190,650189,436672,936671,
772,attr0_narrow,0,881096,981095,0,499999,11189,511188,474548,974547,480308,980307,0,499999,
773,attr1_narrow,1,0,499999,85819,185818,500000,999999,44276,544275,94200,594199,500000,999999,
774,attr2_narrow,2,0,499999,133333,633332,484607,584606,474092,974091,36048,536047,0,499999,
775,single_attr5,5,0,999999,0,999999,0,999999,0,999999,0,999999,29369,129368,
776,attr0_narrow,0,274971,374970,107602,607601,500000,999999,344213,844212,0,499999,137596,637595,
777,attr1_narrow,1,0,499999,769575,869574,500000,999999,359454,859453,374903,874902,0,499999,
778,attr2_narrow,2,390901,890900,500000,999999,489909,589908,0,499999,0,499999,95828,595827,
779,balanced,0,713473,913472,547357,747356,164304,364303,147817,647816,483368,983367,222789,722788,
780,single_attr0,0,233430,333429,0,999999,0,999999,0,999999,0,999999,0,999999,
781,attr1_narrow,1,484331,984330,496180,596179,0,499999,500000,999999,451930,951929,500000,999999,
782,attr2_narrow,2,139588,639587,443208,943207,441075,541074,500000,999999,145158,645157,2306,502305,
783,balanced,0,378211,578210,757702,957701,60546,260545,487412,987411,0,499999,500000,999999,
784,attr0_narrow,0,772356,872355,500000,999999,500000,999999,0,499999,0,499999,172717,672716,
785,single_attr1,1,0,999999,495910,595909,0,999999,0,999999,0,999999,0,999999,
786,attr2_narrow,2,500000,999999,0,499999,477637,577636,0,499999,0,499999,0,499999,
787,balanced,0,800000,999999,156980,356979,0,199999,0,499999,500000,999999,225029,725028,
788,attr0_narrow,0,190667,290666,500000,999999,225048,725047,500000,999999,500000,999999,0,499999,
789,attr1_narrow,1,0,499999,63284,163283,0,499999,416136,916135,0,499999,171052,671051,
790,single_attr2,2,0,999999,0,999999,601094,701093,0,999999,0,999999,0,999999,
791,balanced,0,800000,999999,0,199999,620453,820452,500000,999999,62737,562736,415134,915133,
792,attr0_narrow,0,26990,126989,433331,933330,0,499999,164512,664511,139317,639316,406852,906851,
793,attr1_narrow,1,0,499999,248950,348949,500000,999999,0,499999,375471,875470,269689,769688,
794,attr2_narrow,2,500000,999999,323036,823035,212548,312547,303089,803088,500000,999999,106675,606674,
795,single_attr3,3,0,999999,0,999999,0,999999,206173,306172,0,999999,0,999999,
796,attr0_narrow,0,465803,565802,0,499999,208692,708691,400606,900605,0,499999,57919,557918,
797,attr1_narrow,1,0,499999,327076,427075,500000,999999,0,499999,0,499999,0,499999,
798,attr2_narrow,2,0,499999,0,499999,133126,233125,0,499999,500000,999999,411163,911162,
799,balanced,0,154301,354300,550418,750417,437442,637441,0,499999,500000,999999,500000,999999,
800,single_attr4,4,0,999999,0,999999,0,999999,0,999999,15573,115572,0,999999,
801,attr1_narrow,1,500000,999999,636367,736366,416974,916973,76790,576789,279216,779215,113055,613054,
802,attr2_narrow,2,500000,999999,227653,727652,177068,277067,76605,576604,42503,542502,0,499999,
803,balanced,0,106605,306604,553152,753151,70051,270050,500000,999999,362617,862616,500000,999999,
804,attr0_narrow,0,0,99999,500000,999999,213511,713510,0,499999,0,499999,318953,818952,
805,single_attr5,5,0,999999,0,999999,0,999999,0,999999,0,999999,510662,610661,
806,attr2_narrow,2,83878,583877,5453,505452,537765,637764,500000,999999,0,499999,500000,999999,
807,balanced,0,120685,320684,800000,999999,345353,545352,314694,814693,232962,732961,0,499999,
808,attr0_narrow,0,228472,328471,0,499999,93869,593868,334472,834471,385927,885926,0,499999,
809,attr1_narrow,1,0,499999,900000,999999,0,499999,417825,917824,500000,999999,164945,664944,
810,single_attr0,0,214583,314582,0,999999,0,999999,0,999999,0,999999,0,999999,
811,balanced,0,800000,999999,321278,521277,0,199999,500000,999999,91252,591251,402881,902880,
812,attr0_narrow,0,154351,254350,133388,633387,500000,999999,282756,782755,500000,999999,421941,921940,
813,attr1_narrow,1,500000,999999,82028,182027,0,499999,108385,608384,500000,999999,0,499999,
814,attr2_narrow,2,30877,530876,500000,999999,477837,577836,0,499999,219642,719641,500000,999999,
815,single_attr1,1,0,999999,257389,357388,0,999999,0,999999,0,999999,0,999999,
816,attr0_narrow,0,12882,112881,54155,554154,290737,790736,500000,999999,500000,999999,0,499999,
817,attr1_narrow,1,89877,589876,0,99999,352150,852149,290292,790291,500000,999999,161372,661371,
818,attr2_narrow,2,500000,999999,339506,839505,789731,889730,500000,999999,245579,745578,0,499999,
819,balanced,0,661385,861384,293645,493644,800000,999999,0,499999,500000,999999,500000,999999,
820,single_attr2,2,0,999999,0,999999,426696,526695,0,999999,0,999999,0,999999,
821,attr1_narrow,1,500000,999999,355620,455619,347199,847198,281145,781144,500000,999999,450300,950299,
822,attr2_narrow,2,314698,814697,0,499999,674693,774692,254889,754888,239269,739268,500000,999999,
823,balanced,0,559483,759482,682779,882778,675712,875711,500000,999999,500000,999999,500000,999999,
824,attr0_narrow,0,883752,983751,0,499999,0,499999,320562,820561,500000,999999,368696,868695,
825,single_attr3,3,0,999999,0,999999,0,999999,268990,368989,0,999999,0,999999,
826,attr2_narrow,2,349696,849695,388025,888024,528163,628162,500000,999999,194484,694483,34115,534114,
827,balanced,0,528759,728758,331705,531704,85430,285429,442403,942402,0,499999,298600,798599,
828,attr0_narrow,0,183249,283248,118581,618580,500000,999999,500000,999999,500000,999999,500000,999999,
829,attr1_narrow,1,96169,596168,104194,204193,0,499999,0,499999,322489,822488,328815,828814,
830,single_attr4,4,0,999999,0,999999,0,999999,0,999999,676009,776008,0,999999,
831,balanced,0,145470,345469,63581,263580,386916,586915,0,499999,500000,999999,0,499999,
832,attr0_narrow,0,609512,709511,0,499999,500000,999999,500000,999999,35372,535371,500000,999999,
833,attr1_narrow,1,0,499999,8425,108424,500000,999999,310361,810360,500000,999999,500000,999999,
834,attr2_narrow,2,500000,999999,426612,926611,900000,999999,152103,652102,500000,999999,0,499999,
835,single_attr5,5,0,999999,0,999999,0,999999,0,999999,0,999999,422341,522340,
836,attr0_narrow,0,739833,839832,500000,999999,0,499999,500000,999999,433647,933646,344953,844952,
837,attr1_narrow,1,0,499999,103048,203047,0,499999,500000,999999,500000,999999,216766,716765,
838,attr2_narrow,2,469548,969547,268553,768552,563310,663309,318079,818078,0,499999,0,499999,
839,balanced,0,767488,967487,800000,999999,591049,791048,0,499999,70296,570295,0,499999,
840,single_attr0,0,724173,824172,0,999999,0,999999,0,999999,0,999999,0,999999,
841,attr1_narrow,1,500000,999999,391803,491802,0,499999,188903,688902,191831,691830,180327,680326,
842,attr2_narrow,2,0,499999,488059,988058,900000,999999,34451,534450,191889,691888,13008,513007,
843,balanced,0,554648,754647,244771,444770,261606,461605,490538,990537,0,499999,0,499999,
844,attr0_narrow,0,260889,360888,500000,999999,286622,786621,404714,904713,148290,648289,0,499999,
845,single_attr1,1,0,999999,433109,533108,0,999999,0,999999,0,999999,0,999999,
846,attr2_narrow,2,6088,506087,223459,723458,209397,309396,500000,999999,0,499999,500000,999999,
847,balanced,0,217783,417782,502820,702819,215982,415981,500000,999999,500000,999999,0,499999,
848,attr0_narrow,0,188584,288583,500000,999999,122614,622613,273053,773052,88768,588767,500000,999999,
849,attr1_narrow,1,500000,999999,143394,243393,481752,981751,0,499999,344686,844685,0,499999,
850,single_attr2,2,0,999999,0,999999,537737,637736,0,999999,0,999999,0,999999,
851,balanced,0,800000,999999,800000,999999,84573,284572,396428,896427,500000,999999,0,499999,
852,attr0_narrow,0,40213,140212,500000,999999,205942,705941,246057,746056,251451,751450,47555,547554,
853,attr1_narrow,1,500000,999999,0,99999,136688,636687,0,499999,500000,999999,482925,982924,
854,attr2_narrow,2,0,499999,489005,989004,113863,213862,113252,613251,500000,999999,0,499999,
855,single_attr3,3,0,999999,0,999999,0,999999,392872,492871,0,999999,0,999999,
856,attr0_narrow,0,647828,747827,152985,652984,287899,787898,500000,999999,500000,999999,374795,874794,
857,attr1_narrow,1,0,499999,78010,178009,3751,503750,70590,570589,289772,789771,99717,599716,
858,attr2_narrow,2,402577,902576,0,499999,673890,773889,500000,999999,500000,999999,0,499999,
859,balanced,0,389465,589464,800000,999999,618962,818961,16682,516681,348637,848636,0,499999,
860,single_attr4,4,0,999999,0,999999,0,999999,0,999999,38549,138548,0,999999,
861,attr1_narrow,1,0,499999,601786,701785,462316,962315,476817,976816,500000,999999,500000,999999,
862,attr2_narrow,2,500000,999999,0,499999,388077,488076,500000,999999,500000,999999,0,499999,
863,balanced,0,0,199999,792414,992413,28309,228308,500000,999999,500000,999999,500000,999999,
864,attr0_narrow,0,71351,171350,0,499999,150109,650108,21061,521060,492996,992995,65388,565387,
865,single_attr5,5,0,999999,0,999999,0,999999,0,999999,0,999999,568612,668611,
866,attr2_narrow,2,274734,774733,174691,674690,455957,555956,316099,816098,283480,783479,0,499999,
867,balanced,0,800000,999999,72848,272847,432061,632060,1131,501130,500000,999999,381214,881213,
868,attr0_narrow,0,900000,999999,0,499999,0,499999,0,499999,364076,864075,500000,999999,
869,attr1_narrow,1,0,499999,429862,529861,371341,871340,165635,665634,393908,893907,500000,999999,
870,single_attr0,0,372002,472001,0,999999,0,999999,0,999999,0,999999,0,999999,
871,balanced,0,735797,935796,0,199999,195952,395951,0,499999,0,499999,0,499999,
872,attr0_narrow,0,501428,601427,141662,641661,86056,586055,250144,750143,0,499999,500000,999999,
873,attr1_narrow,1,500000,999999,640879,740878,355464,855463,500000,999999,500000,999999,367707,867706,
874,attr2_narrow,2,500000,999999,173644,673643,0,99999,0,499999,500000,999999,15925,515924,
875,single_attr1,1,0,999999,97884,197883,0,999999,0,999999,0,999999,0,999999,
876,attr0_narrow,0,825810,925809,294622,794621,354521,854520,313202,813201,500000,999999,247674,747673,
877,attr1_narrow,1,177437,677436,447056,547055,0,499999,0,499999,332671,832670,500000,999999,
878,attr2_narrow,2,490433,990432,500000,999999,72435,172434,342538,842537,0,499999,500000,999999,
879,balanced,0,615627,815626,321389,521388,212230,412229,133990,633989,0,499999,159910,659909,
880,single_attr2,2,0,999999,0,999999,428810,528809,0,999999,0,999999,0,999999,
881,attr1_narrow,1,500000,999999,533432,633431,500000,999999,56180,556179,0,499999,109790,609789,
882,attr2_narrow,2,0,499999,22612,522611,13135,113134,395758,895757,244216,744215,0,499999,
883,balanced,0,800000,999999,428505,628504,0,199999,161835,661834,290914,790913,0,499999,
884,attr0_narrow,0,541256,641255,0,499999,287845,787844,500000,999999,39405,539404,500000,999999,
885,single_attr3,3,0,999999,0,999999,0,999999,887219,987218,0,999999,0,999999,
886,attr2_narrow,2,500000,999999,0,499999,278592,378591,205471,705470,72179,572178,179043,679042,
887,balanced,0,798483,998482,432436,632435,276833,476832,0,499999,155818,655817,486575,986574,
888,attr0_narrow,0,599949,699948,416208,916207,316295,816294,169700,669699,0,499999,500000,999999,
889,attr1_narrow,1,0,499999,55350,155349,500000,999999,154200,654199,500000,999999,333449,833448,
890,single_attr4,4,0,999999,0,999999,0,999999,0,999999,463278,563277,0,999999,
891,balanced,0,732219,932218,800000,999999,68049,268048,235674,735673,29245,529244,0,499999,
892,attr0_narrow,0,900000,999999,449381,949380,0,499999,4445,504444,500000,999999,500000,999999,
893,attr1_narrow,1,435380,935379,673257,773256,350450,850449,0,499999,93502,593501,9241,509240,
894,attr2_narrow,2,40604,540603,269675,769674,66661,166660,500000,999999,34137,534136,0,499999,
895,single_attr5,5,0,999999,0,999999,0,999999,0,999999,0,999999,142731,242730,
896,attr0_narrow,0,103557,203556,299657,799656,119326,619325,0,499999,0,499999,359469,859468,
897,attr1_narrow,1,353715,853714,20386,120385,32883,532882,500000,999999,302000,801999,0,499999,
898,attr2_narrow,2,500000,999999,180804,680803,737458,837457,500000,999999,490658,990657,0,499999,
899,balanced,0,0,199999,501963,701962,304332,504331,0,499999,500000,999999,447454,947453,
900,single_attr0,0,364288,464287,0,999999,0,999999,0,999999,0,999999,0,999999,
901,attr1_narrow,1,500000,999999,549066,649065,36091,536090,500000,999999,0,499999,500000,999999,
902,attr2_narrow,2,373509,873508,58019,558018,381278,481277,63820,563819,500000,999999,0,499999,
903,balanced,0,154243,354242,609560,809559,489058,689057,0,499999,200667,700666,493251,993250,
904,attr0_narrow,0,407128,507127,500000,999999,0,499999,500000,999999,381132,881131,500000,999999,
905,single_attr1,1,0,999999,362867,462866,0,999999,0,999999,0,999999,0,999999,
906,attr2_narrow,2,500000,999999,500000,999999,269380,369379,74612,574611,321134,821133,82558,582557,
907,balanced,0,555448,755447,255852,455851,428626,628625,0,499999,500000,999999,69344,569343,
908,attr0_narrow,0,44375,144374,500000,999999,0,499999,0,499999,337601,837600,185108,685107,
909,attr1_narrow,1,500000,999999,22593,122592,500000,999999,0,499999,0,499999,500000,999999,
910,single_attr2,2,0,999999,0,999999,90675,190674,0,999999,0,999999,0,999999,
911,balanced,0,31926,231925,317806,517805,420763,620762,136519,636518,396101,896100,88320,588319,
912,attr0_narrow,0,460740,560739,500000,999999,0,499999,500000,999999,104854,604853,500000,999999,
913,attr1_narrow,1,0,499999,710255,810254,500000,999999,206167,706166,401416,901415,365260,865259,
914,attr2_narrow,2,170056,670055,0,499999,9318,109317,0,499999,331449,831448,0,499999,
915,single_attr3,3,0,999999,0,999999,0,999999,256271,356270,0,999999,0,999999,
916,attr0_narrow,0,574062,674061,22480,522479,500000,999999,264787,764786,0,499999,240726,740725,
917,attr1_narrow,1,307374,807373,25051,125050,0,499999,121101,621100,218868,718867,157185,657184,
918,attr2_narrow,2,0,499999,0,499999,95728,195727,500000,999999,421328,921327,109696,609695,
919,balanced,0,0,199999,455994,655993,349255,549254,500000,999999,0,499999,500000,999999,
920,single_attr4,4,0,999999,0,999999,0,999999,0,999999,32547,132546,0,999999,
921,attr1_narrow,1,0,499999,484174,584173,0,499999,0,499999,259869,759868,500000,999999,
922,attr2_narrow,2,0,499999,118022,618021,44526,144525,0,499999,447712,947711,500000,999999,
923,balanced,0,179528,379527,667588,867587,3832,203831,0,499999,500000,999999,138563,638562,
924,attr0_narrow,0,486079,586078,97579,597578,500000,999999,0,499999,500000,999999,0,499999,
925,single_attr5,5,0,999999,0,999999,0,999999,0,999999,0,999999,449056,549055,
926,attr2_narrow,2,0,499999,420628,920627,821215,921214,500000,999999,0,499999,500000,999999,
927,balanced,0,638592,838591,624571,824570,24625,224624,274507,774506,0,499999,229273,729272,
928,attr0_narrow,0,229144,329143,0,499999,500000,999999,0,499999,403227,903226,0,499999,
929,attr1_narrow,1,0,499999,742314,842313,0,499999,210954,710953,500000,999999,0,499999,
930,single_attr0,0,567899,667898,0,999999,0,999999,0,999999,0,999999,0,999999,
931,balanced,0,800000,999999,682170,882169,0,199999,500000,999999,247257,747256,191200,691199,
932,attr0_narrow,0,900000,999999,215515,715514,224981,724980,0,499999,100532,600531,0,499999,
933,attr1_narrow,1,0,499999,226457,326456,227142,727141,0,499999,500000,999999,288890,788889,
934,attr2_narrow,2,462118,962117,0,499999,900000,999999,408701,908700,0,499999,500000,999999,
935,single_attr1,1,0,999999,0,99999,0,999999,0,999999,0,999999,0,999999,
936,attr0_narrow,0,452260,552259,411160,911159,0,499999,40350,540349,0,499999,37331,537330,
937,attr1_narrow,1,468688,968687,440247,540246,0,499999,500000,999999,299368,799367,500000,999999,
938,attr2_narrow,2,343550,843549,500000,999999,682891,782890,347508,847507,500000,999999,0,499999,
939,balanced,0,262048,462047,611549,811548,566398,766397,60512,560511,152289,652288,179907,679906,
940,single_attr2,2,0,999999,0,999999,619866,719865,0,999999,0,999999,0,999999,
941,attr1_narrow,1,500000,999999,776339,876338,0,499999,500000,999999,500000,999999,94656,594655,
942,attr2_narrow,2,224958,724957,0,499999,737601,837600,0,499999,0,499999,101080,601079,
943,balanced,0,525504,725503,338266,538265,499829,699828,0,499999,221919,721918,300254,800253,
944,attr0_narrow,0,573240,673239,295039,795038,93361,593360,304103,804102,14173,514172,451051,951050,
945,single_attr3,3,0,999999,0,999999,0,999999,688605,788604,0,999999,0,999999,
946,attr2_narrow,2,500000,999999,500000,999999,900000,999999,0,499999,0,499999,485428,985427,
947,balanced,0,0,199999,295142,495141,663772,863771,0,499999,140456,640455,0,499999,
948,attr0_narrow,0,382778,482777,500000,999999,500000,999999,0,499999,500000,999999,0,499999,
949,attr1_narrow,1,0,499999,61085,161084,500000,999999,386713,886712,94827,594826,497545,997544,
950,single_attr4,4,0,999999,0,999999,0,999999,0,999999,681686,781685,0,999999,
951,balanced,0,800000,999999,442745,642744,415868,615867,500000,999999,184247,684246,271413,771412,
952,attr0_narrow,0,218030,318029,200666,700665,60626,560625,0,499999,87204,587203,97182,597181,
953,attr1_narrow,1,362542,862541,720562,820561,115430,615429,439557,939556,24212,524211,383741,883740,
954,attr2_narrow,2,409632,909631,126168,626167,759307,859306,500000,999999,0,499999,367873,867872,
955,single_attr5,5,0,999999,0,999999,0,999999,0,999999,0,999999,694991,794990,
956,attr0_narrow,0,722415,822414,0,499999,159898,659897,0,499999,362267,862266,500000,999999,
957,attr1_narrow,1,0,499999,900000,999999,0,499999,500000,999999,310481,810480,500000,999999,
958,attr2_narrow,2,0,499999,218931,718930,49424,149423,269877,769876,24554,524553,413060,913059,
959,balanced,0,0,199999,513360,713359,474157,674156,500000,999999,347780,847779,25596,525595,
960,single_attr0,0,318111,418110,0,999999,0,999999,0,999999,0,999999,0,999999,
961,attr1_narrow,1,0,499999,535327,635326,138893,638892,500000,999999,500000,999999,444971,944970,
962,attr2_narrow,2,500000,999999,500000,999999,292440,392439,113919,613918,448639,948638,410320,910319,
963,balanced,0,224521,424520,245897,445896,790032,990031,143857,643856,500000,999999,500000,999999,
964,attr0_narrow,0,499363,599362,500000,999999,30815,530814,322560,822559,244775,744774,449717,949716,
965,single_attr1,1,0,999999,50439,150438,0,999999,0,999999,0,999999,0,999999,
966,attr2_narrow,2,95801,595800,500000,999999,315110,415109,500000,999999,0,499999,0,499999,
967,balanced,0,9883,209882,0,199999,719091,919090,139658,639657,196889,696888,204353,704352,
968,attr0_narrow,0,709276,809275,191785,691784,492787,992786,147807,647806,500000,999999,299475,799474,
969,attr1_narrow,1,444614,944613,292045,392044,100768,600767,472459,972458,0,499999,428266,928265,
970,single_attr2,2,0,999999,0,999999,279564,379563,0,999999,0,999999,0,999999,
971,balanced,0,302723,502722,91159,291158,411585,611584,0,499999,500000,999999,332356,832355,
972,attr0_narrow,0,534073,634072,0,499999,0,499999,0,499999,500000,999999,500000,999999,
973,attr1_narrow,1,407799,907798,148857,248856,75880,575879,7746,507745,491082,991081,359746,859745,
974,attr2_narrow,2,500000,999999,280093,780092,539610,639609,500000,999999,124985,624984,0,499999,
975,single_attr3,3,0,999999,0,999999,0,999999,804997,904996,0,999999,0,999999,
976,attr0_narrow,0,276068,376067,233729,733728,412746,912745,192912,692911,415933,915932,0,499999,
977,attr1_narrow,1,500000,999999,507903,607902,500000,999999,326116,826115,489687,989686,0,499999,
978,attr2_narrow,2,100105,600104,191865,691864,416233,516232,296566,796565,222438,722437,189627,689626,
979,balanced,0,0,199999,111729,311728,505903,705902,0,499999,117925,617924,396773,896772,
980,single_attr4,4,0,999999,0,999999,0,999999,0,999999,528984,628983,0,999999,
981,attr1_narrow,1,498223,998222,747221,847220,305978,805977,500000,999999,51720,551719,0,499999,
982,attr2_narrow,2,40285,540284,188749,688748,287243,387242,500000,999999,0,499999,490780,990779,
983,balanced,0,416139,616138,280448,480447,240544,440543,0,499999,129838,629837,23241,523240,
984,attr0_narrow,0,575257,675256,0,499999,0,499999,500000,999999,500000,999999,0,499999,
985,single_attr5,5,0,999999,0,999999,0,999999,0,999999,0,999999,122003,222002,
986,attr2_narrow,2,316342,816341,500000,999999,152511,252510,189447,689446,453635,953634,425629,925628,
987,balanced,0,40512,240511,670443,870442,489654,689653,500000,999999,500000,999999,500000,999999,
988,attr0_narrow,0,43151,143150,0,499999,0,499999,119566,619565,500000,999999,500000,999999,
989,attr1_narrow,1,318928,818927,0,99999,0,499999,444610,944609,500000,999999,138023,638022,
990,single_attr0,0,651646,751645,0,999999,0,999999,0,999999,0,999999,0,999999,
991,balanced,0,122180,322179,357366,557365,253629,453628,58496,558495,0,499999,73574,573573,
992,attr0_narrow,0,899513,999512,405435,905434,500000,999999,167532,667531,500000,999999,0,499999,
993,attr1_narrow,1,314225,814224,778155,878154,0,499999,78699,578698,0,499999,416954,916953,
994,attr2_narrow,2,174485,674484,236958,736957,216601,316600,0,499999,500000,999999,500000,999999,
995,single_attr1,1,0,999999,213571,313570,0,999999,0,999999,0,999999,0,999999,
996,attr0_narrow,0,299885,399884,147849,647848,39551,539550,0,499999,0,499999,249659,749658,
997,attr1_narrow,1,0,499999,842398,942397,138392,638391,500000,999999,441455,941454,359795,859794,
998,attr2_narrow,2,78394,578393,204775,704774,609113,709112,481890,981889,17968,517967,500000,999999,
999,balanced,0,581751,781750,714272,914271,733542,933541,0,499999,0,499999,500000,999999,
