query_idx,profile,nav_attr,recall,graph_ms,exact_ms,hops,dist,pruned,result_count,insufficient,span0,span1,span2
0,attr0_narrow,0,0.9,8.771197,9311.675,1032,4545,13699,10,0,1000000,5000000,5000000
1,attr1_narrow,1,1,27.74134,8423.2442,1027,6048,18464,10,0,5000000,1000000,5000000
2,attr2_narrow,2,1,28.285628,7499.1436,1028,3993,12227,10,0,5000000,5000000,1000000
3,balanced,0,0,9.273406,1626.3844,1085,1293,30402,10,0,2000000,2000000,2000000
4,attr0_narrow,0,1,6.213086,4148.6751,1038,3309,9742,10,0,1000000,5000000,5000000
5,attr1_narrow,1,1,11.628315,2064.2153,1028,3398,10524,10,0,5000000,1000000,5000000
6,attr2_narrow,2,1,11.903414,1335.9463,1028,3593,10794,10,0,5000000,5000000,1000000
7,balanced,0,0.4,12.052696,281.32253,1451,1717,42512,10,0,2000000,2000000,2000000
8,attr0_narrow,0,1,7.569568,837.77807,1091,4805,14377,10,0,1000000,5000000,5000000
9,attr1_narrow,1,1,11.367151,697.47451,1030,3802,11870,10,0,5000000,1000000,5000000
10,attr2_narrow,2,1,18.700764,573.57988,1029,5905,17798,10,0,5000000,5000000,1000000
11,balanced,0,0.1,12.347813,205.44599,1440,1764,43102,10,0,2000000,2000000,2000000
12,attr0_narrow,0,1,5.843678,394.49721,1036,3250,9603,10,0,1000000,5000000,5000000
13,attr1_narrow,1,1,11.755965,349.06217,1032,4132,12328,10,0,5000000,1000000,5000000
14,attr2_narrow,2,0.9,9.331646,332.36484,1031,6023,17904,10,0,5000000,5000000,1000000
15,balanced,0,0,0.493742,141.95803,42,42,1372,10,0,2000000,2000000,2000000
16,attr0_narrow,0,1,4.848088,242.73266,1034,2390,6904,10,0,1000000,5000000,5000000
17,attr1_narrow,1,1,10.738173,215.78066,1029,3165,9506,10,0,5000000,1000000,5000000
18,attr2_narrow,2,1,12.523666,241.82432,1040,3566,10737,10,0,5000000,5000000,1000000
19,balanced,0,0,9.479656,144.21073,1107,1482,34241,10,0,2000000,2000000,2000000
20,attr0_narrow,0,1,5.729583,142.44101,1032,3406,10069,10,0,1000000,5000000,5000000
21,attr1_narrow,1,0.9,9.773491,220.46969,1039,2236,6802,10,0,5000000,1000000,5000000
22,attr2_narrow,2,1,15.112064,220.48862,1030,4654,13954,10,0,5000000,5000000,1000000
23,balanced,0,0,0.082035,114.858,4,4,252,4,1,2000000,2000000,2000000
24,attr0_narrow,0,1,6.900905,189.31628,1029,4408,13210,10,0,1000000,5000000,5000000
25,attr1_narrow,1,1,10.199987,203.86417,1030,2775,8391,10,0,5000000,1000000,5000000
26,attr2_narrow,2,0.9,18.348097,210.51641,1028,5955,17920,10,0,5000000,5000000,1000000
27,balanced,0,0,0.138873,96.264241,10,10,391,10,0,2000000,2000000,2000000
28,attr0_narrow,0,1,8.476761,141.94781,1027,2946,8764,10,0,1000000,5000000,5000000
29,attr1_narrow,1,1,12.112399,180.67266,1034,3271,10070,10,0,5000000,1000000,5000000
30,attr2_narrow,2,1,7.883962,207.18095,1028,4460,13861,10,0,5000000,5000000,1000000
31,balanced,0,0,0.638346,88.14251,66,66,1866,10,0,2000000,2000000,2000000
32,attr0_narrow,0,1,6.97209,163.25733,1027,4032,12298,10,0,1000000,5000000,5000000
33,attr1_narrow,1,1,12.09172,200.03191,1036,5106,15136,10,0,5000000,1000000,5000000
34,attr2_narrow,2,1,14.541547,195.98011,1028,4464,13047,10,0,5000000,5000000,1000000
35,balanced,0,0,8.627707,109.04358,1083,1297,31761,10,0,2000000,2000000,2000000
36,attr0_narrow,0,0.9,5.592012,160.94377,1039,2953,8800,10,0,1000000,5000000,5000000
37,attr1_narrow,1,1,22.482957,197.55791,1030,5702,17486,10,0,5000000,1000000,5000000
38,attr2_narrow,2,1,8.976746,206.90779,1035,2292,6862,10,0,5000000,5000000,1000000
39,balanced,0,0,0.149042,97.179349,11,11,410,10,0,2000000,2000000,2000000
40,attr0_narrow,0,1,6.759157,160.18782,1033,4363,13065,10,0,1000000,5000000,5000000
41,attr1_narrow,1,1,13.581624,186.25822,1037,5135,15037,10,0,5000000,1000000,5000000
42,attr2_narrow,2,0.9,13.514377,204.77858,1027,4138,12245,10,0,5000000,5000000,1000000
43,balanced,0,0,9.150535,93.898512,1169,1328,32033,10,0,2000000,2000000,2000000
44,attr0_narrow,0,0.9,13.541508,141.47323,1030,5493,16315,10,0,1000000,5000000,5000000
45,attr1_narrow,1,1,13.115152,183.78089,1030,5233,15133,10,0,5000000,1000000,5000000
46,attr2_narrow,2,1,11.155472,193.12243,1031,3051,9314,10,0,5000000,5000000,1000000
47,balanced,0,0,0.076745,120.66446,5,5,197,5,1,2000000,2000000,2000000
48,attr0_narrow,0,1,12.267672,143.41009,1031,4992,14686,10,0,1000000,5000000,5000000
49,attr1_narrow,1,1,13.111206,211.99835,1032,5108,15253,10,0,5000000,1000000,5000000
50,attr2_narrow,2,1,9.354589,197.42313,1031,5577,16629,10,0,5000000,5000000,1000000
51,balanced,0,0.5,9.261093,116.6478,1051,1295,31112,10,0,2000000,2000000,2000000
52,attr0_narrow,0,0.9,7.43852,165.00251,1035,4961,14814,10,0,1000000,5000000,5000000
53,attr1_narrow,1,1,12.783366,186.39511,1048,4094,12255,10,0,5000000,1000000,5000000
54,attr2_narrow,2,1,11.797745,203.3459,1030,4514,13764,10,0,5000000,5000000,1000000
55,balanced,0,0.1,11.930004,155.62721,1449,1901,45034,10,0,2000000,2000000,2000000
56,attr0_narrow,0,1,5.760631,127.45343,1033,3473,10302,10,0,1000000,5000000,5000000
57,attr1_narrow,1,0.5,21.05437,171.88293,1033,5158,15410,10,0,5000000,1000000,5000000
58,attr2_narrow,2,1,8.380911,191.9962,1032,5155,15654,10,0,5000000,5000000,1000000
59,balanced,0,0,7.537808,135.60224,1026,1175,28568,10,0,2000000,2000000,2000000
60,attr0_narrow,0,1,6.520356,164.53828,1031,4228,12841,10,0,1000000,5000000,5000000
61,attr1_narrow,1,1,14.026224,172.56167,1030,5595,16824,10,0,5000000,1000000,5000000
62,attr2_narrow,2,1,15.554431,215.58223,1029,4642,14070,10,0,5000000,5000000,1000000
63,balanced,0,0.2,12.081871,143.22559,1506,1910,45376,10,0,2000000,2000000,2000000
64,attr0_narrow,0,1,7.077979,155.88918,1026,4694,14058,10,0,1000000,5000000,5000000
65,attr1_narrow,1,1,9.96874,195.30111,1030,3096,9157,10,0,5000000,1000000,5000000
66,attr2_narrow,2,1,9.85219,204.45629,1026,4251,12726,10,0,5000000,5000000,1000000
67,balanced,0,0.5,8.322711,131.9146,1053,1395,32907,10,0,2000000,2000000,2000000
68,attr0_narrow,0,1,8.095422,177.17378,1037,5807,17734,10,0,1000000,5000000,5000000
69,attr1_narrow,1,1,10.885943,192.59765,1043,4046,12072,10,0,5000000,1000000,5000000
70,attr2_narrow,2,1,14.527992,215.64485,1029,4316,13196,10,0,5000000,5000000,1000000
71,balanced,0,0,0.411397,86.152982,36,36,1103,10,0,2000000,2000000,2000000
72,attr0_narrow,0,1,11.739855,132.63989,1028,4672,14025,10,0,1000000,5000000,5000000
73,attr1_narrow,1,1,12.529807,186.34343,1031,2751,8150,10,0,5000000,1000000,5000000
74,attr2_narrow,2,1,11.566728,206.85688,1027,3163,9111,10,0,5000000,5000000,1000000
75,balanced,0,0.3,7.470321,96.148072,1071,1216,27704,10,0,2000000,2000000,2000000
76,attr0_narrow,0,1,6.131301,156.24776,1042,3812,11784,10,0,1000000,5000000,5000000
77,attr1_narrow,1,1,18.415875,173.36161,1049,3155,9308,10,0,5000000,1000000,5000000
78,attr2_narrow,2,1,14.586222,196.23295,1034,4186,12519,10,0,5000000,5000000,1000000
79,balanced,0,0,0.336857,107.24827,33,33,1006,10,0,2000000,2000000,2000000
80,attr0_narrow,0,1,6.486994,181.29953,1031,4665,13874,10,0,1000000,5000000,5000000
81,attr1_narrow,1,1,14.788704,183.66701,1028,5491,16243,10,0,5000000,1000000,5000000
82,attr2_narrow,2,1,16.966097,213.45252,1028,5474,16329,10,0,5000000,5000000,1000000
83,balanced,0,0,7.754247,103.95164,1027,1173,27815,10,0,2000000,2000000,2000000
84,attr0_narrow,0,1,8.177877,141.17278,1031,3037,8907,10,0,1000000,5000000,5000000
85,attr1_narrow,1,1,12.972313,198.81928,1032,5966,17715,10,0,5000000,1000000,5000000
86,attr2_narrow,2,1,7.688353,200.03459,1028,3868,11810,10,0,5000000,5000000,1000000
87,balanced,0,0,8.513742,104.31352,1077,1354,31306,10,0,2000000,2000000,2000000
88,attr0_narrow,0,1,5.870469,149.74893,1026,3533,10957,10,0,1000000,5000000,5000000
89,attr1_narrow,1,1,11.789188,191.34432,1028,3027,8700,10,0,5000000,1000000,5000000
90,attr2_narrow,2,1,6.523872,202.10463,1033,2761,8207,10,0,5000000,5000000,1000000
91,balanced,0,0,0.425093,148.71284,42,42,1181,10,0,2000000,2000000,2000000
92,attr0_narrow,0,1,5.973934,132.78456,1031,3680,10855,10,0,1000000,5000000,5000000
93,attr1_narrow,1,1,13.495531,194.9346,1031,4691,14014,10,0,5000000,1000000,5000000
94,attr2_narrow,2,1,8.928575,206.06957,1032,5365,15952,10,0,5000000,5000000,1000000
95,balanced,0,0,8.257417,89.070222,1039,1218,29456,10,0,2000000,2000000,2000000
96,attr0_narrow,0,1,6.733348,184.22716,1049,4492,13547,10,0,1000000,5000000,5000000
97,attr1_narrow,1,1,12.132787,181.76617,1029,3209,9465,10,0,5000000,1000000,5000000
98,attr2_narrow,2,1,7.940188,196.66078,1028,4527,13496,10,0,5000000,5000000,1000000
99,balanced,0,0.5,8.121861,129.5841,1026,1282,30835,10,0,2000000,2000000,2000000
100,attr0_narrow,0,0.9,6.965537,142.35272,1044,5245,15789,10,0,1000000,5000000,5000000
101,attr1_narrow,1,1,12.491896,173.88199,1029,4508,13828,10,0,5000000,1000000,5000000
102,attr2_narrow,2,1,6.404256,206.46888,1025,2845,8714,10,0,5000000,5000000,1000000
103,balanced,0,0,0.217811,121.68785,20,20,596,10,0,2000000,2000000,2000000
104,attr0_narrow,0,1,6.890676,182.32204,1029,4774,13852,10,0,1000000,5000000,5000000
105,attr1_narrow,1,1,10.7898,181.42066,1029,2439,7192,10,0,5000000,1000000,5000000
106,attr2_narrow,2,1,13.201376,209.72801,1029,4596,13623,10,0,5000000,5000000,1000000
107,balanced,0,0,0.145355,106.86227,9,9,362,9,1,2000000,2000000,2000000
108,attr0_narrow,0,1,6.327752,169.65909,1033,3961,12158,10,0,1000000,5000000,5000000
109,attr1_narrow,1,1,10.51413,196.61415,1027,2256,6692,10,0,5000000,1000000,5000000
110,attr2_narrow,2,1,17.383495,205.19723,1028,5912,17566,10,0,5000000,5000000,1000000
111,balanced,0,0.4,7.815462,153.29319,1056,1324,31309,10,0,2000000,2000000,2000000
112,attr0_narrow,0,1,6.460283,140.48882,1033,4162,12612,10,0,1000000,5000000,5000000
113,attr1_narrow,1,1,11.021999,190.24179,1037,2849,8442,10,0,5000000,1000000,5000000
114,attr2_narrow,2,0.8,10.17013,196.03772,1033,2630,7703,10,0,5000000,5000000,1000000
115,balanced,0,0.4,9.417869,103.64553,1155,1523,35899,10,0,2000000,2000000,2000000
116,attr0_narrow,0,0.9,6.003159,143.46239,1033,3836,11592,10,0,1000000,5000000,5000000
117,attr1_narrow,1,1,12.39345,184.30355,1032,3833,11716,10,0,5000000,1000000,5000000
118,attr2_narrow,2,0.9,8.242429,207.69014,1027,3910,11720,10,0,5000000,5000000,1000000
119,balanced,0,0,13.067553,98.747601,1459,1796,44025,10,0,2000000,2000000,2000000
120,attr0_narrow,0,1,7.538279,140.61643,1031,2789,8105,10,0,1000000,5000000,5000000
121,attr1_narrow,1,1,14.539523,180.62588,1031,5093,15025,10,0,5000000,1000000,5000000
122,attr2_narrow,2,1,24.294709,209.37466,1037,6094,18238,10,0,5000000,5000000,1000000
123,balanced,0,0,0.266043,109.16346,26,26,792,10,0,2000000,2000000,2000000
124,attr0_narrow,0,1,5.195795,152.9979,1026,2880,8974,10,0,1000000,5000000,5000000
125,attr1_narrow,1,1,12.255309,194.58159,1029,3815,11407,10,0,5000000,1000000,5000000
126,attr2_narrow,2,0.9,14.496532,207.69124,1028,4537,14123,10,0,5000000,5000000,1000000
127,balanced,0,0,0.316247,128.22302,26,26,979,10,0,2000000,2000000,2000000
128,attr0_narrow,0,1,6.82959,161.2222,1028,5134,15606,10,0,1000000,5000000,5000000
129,attr1_narrow,1,1,14.247953,186.75235,1027,4473,13233,10,0,5000000,1000000,5000000
130,attr2_narrow,2,1,16.599504,207.91454,1029,5653,17059,10,0,5000000,5000000,1000000
131,balanced,0,0,9.507728,101.5142,1259,1583,37749,10,0,2000000,2000000,2000000
132,attr0_narrow,0,1,7.601448,181.89664,1031,5861,17636,10,0,1000000,5000000,5000000
133,attr1_narrow,1,1,15.641836,184.78544,1033,5902,17936,10,0,5000000,1000000,5000000
134,attr2_narrow,2,1,7.435154,208.6644,1092,3720,11845,10,0,5000000,5000000,1000000
135,balanced,0,0.1,8.627807,110.80338,1108,1420,33308,10,0,2000000,2000000,2000000
136,attr0_narrow,0,1,11.124963,135.59143,1032,2511,7587,10,0,1000000,5000000,5000000
137,attr1_narrow,1,1,15.010853,192.02911,1030,5836,17145,10,0,5000000,1000000,5000000
138,attr2_narrow,2,1,14.512862,200.83371,1028,4642,13567,10,0,5000000,5000000,1000000
139,balanced,0,0.2,8.293556,122.5089,1039,1290,32159,10,0,2000000,2000000,2000000
140,attr0_narrow,0,1,10.17526,126.64356,1034,4167,12413,10,0,1000000,5000000,5000000
141,attr1_narrow,1,0.9,13.781933,198.9275,1032,4053,11970,10,0,5000000,1000000,5000000
142,attr2_narrow,2,1,14.75448,207.36435,1028,4912,15326,10,0,5000000,5000000,1000000
143,balanced,0,0,8.65603,110.05206,1073,1317,32104,10,0,2000000,2000000,2000000
144,attr0_narrow,0,1,4.548571,135.72489,1032,2625,7887,10,0,1000000,5000000,5000000
145,attr1_narrow,1,1,10.998685,171.73036,1031,2620,7740,10,0,5000000,1000000,5000000
146,attr2_narrow,2,1,7.066949,200.13717,1025,3501,10336,10,0,5000000,5000000,1000000
147,balanced,0,0.1,8.699542,95.510277,1116,1399,34177,10,0,2000000,2000000,2000000
148,attr0_narrow,0,1,3.931466,183.02702,1046,1869,5575,10,0,1000000,5000000,5000000
149,attr1_narrow,1,1,12.397848,188.70512,1047,2918,8497,10,0,5000000,1000000,5000000
150,attr2_narrow,2,0.9,15.163462,199.52927,1046,4962,15103,10,0,5000000,5000000,1000000
151,balanced,0,0.5,8.277114,102.30302,1132,1433,34187,10,0,2000000,2000000,2000000
152,attr0_narrow,0,1,10.005319,121.05709,1031,4117,12688,10,0,1000000,5000000,5000000
153,attr1_narrow,1,1,14.301223,191.80629,1034,5134,15562,10,0,5000000,1000000,5000000
154,attr2_narrow,2,1,9.072387,200.94068,1031,4332,13039,10,0,5000000,5000000,1000000
155,balanced,0,0.5,8.635562,101.84559,1230,1415,33972,10,0,2000000,2000000,2000000
156,attr0_narrow,0,1,8.056558,154.41058,1027,3664,10677,10,0,1000000,5000000,5000000
157,attr1_narrow,1,1,13.587966,182.71506,1031,4318,13053,10,0,5000000,1000000,5000000
158,attr2_narrow,2,0.9,13.133828,201.45887,1037,4120,12488,10,0,5000000,5000000,1000000
159,balanced,0,0.2,8.046509,129.46456,1043,1343,30871,10,0,2000000,2000000,2000000
160,attr0_narrow,0,1,6.885936,135.04364,1036,4749,14381,10,0,1000000,5000000,5000000
161,attr1_narrow,1,1,12.587316,180.00576,1033,4214,12409,10,0,5000000,1000000,5000000
162,attr2_narrow,2,1,11.059129,208.7893,1032,3211,9598,10,0,5000000,5000000,1000000
163,balanced,0,0,0.200639,84.912569,16,16,526,10,0,2000000,2000000,2000000
164,attr0_narrow,0,1,7.340055,159.02487,1031,5524,16496,10,0,1000000,5000000,5000000
165,attr1_narrow,1,1,14.723591,182.43469,1039,4859,14745,10,0,5000000,1000000,5000000
166,attr2_narrow,2,0.8,9.367404,197.98686,1088,2705,8040,10,0,5000000,5000000,1000000
167,balanced,0,0,12.692684,103.58397,1846,2173,51776,10,0,2000000,2000000,2000000
168,attr0_narrow,0,1,5.761002,162.91965,1031,3331,9651,10,0,1000000,5000000,5000000
169,attr1_narrow,1,1,20.391487,172.54868,1029,3972,12008,10,0,5000000,1000000,5000000
170,attr2_narrow,2,1,11.017601,203.07145,1027,3960,12337,10,0,5000000,5000000,1000000
171,balanced,0,0.1,8.895683,98.449399,1260,1561,38306,10,0,2000000,2000000,2000000
172,attr0_narrow,0,1,5.943797,179.91356,1037,4071,12365,10,0,1000000,5000000,5000000
173,attr1_narrow,1,1,13.999673,193.97559,1045,4343,12878,10,0,5000000,1000000,5000000
174,attr2_narrow,2,1,15.591741,212.63805,1029,4999,14878,10,0,5000000,5000000,1000000
175,balanced,0,0,0.311809,92.548973,29,29,850,10,0,2000000,2000000,2000000
176,attr0_narrow,0,1,4.920805,124.68219,1031,2447,7323,10,0,1000000,5000000,5000000
177,attr1_narrow,1,1,13.316543,183.40769,1026,4089,11781,10,0,5000000,1000000,5000000
178,attr2_narrow,2,1,7.733197,220.13086,1027,4324,12703,10,0,5000000,5000000,1000000
179,balanced,0,0.3,10.610752,138.16973,1530,1838,46540,10,0,2000000,2000000,2000000
180,attr0_narrow,0,1,6.024709,125.1379,1029,3770,11601,10,0,1000000,5000000,5000000
181,attr1_narrow,1,1,12.997791,177.08633,1028,4122,11998,10,0,5000000,1000000,5000000
182,attr2_narrow,2,0.9,13.307696,203.58832,1031,4064,11635,10,0,5000000,5000000,1000000
183,balanced,0,0,0.261785,84.089684,23,23,690,10,0,2000000,2000000,2000000
184,attr0_narrow,0,1,5.678306,140.60523,1043,3741,11294,10,0,1000000,5000000,5000000
185,attr1_narrow,1,1,14.631016,192.17693,1027,4538,13753,10,0,5000000,1000000,5000000
186,attr2_narrow,2,1,9.951958,199.60445,1036,3396,10329,10,0,5000000,5000000,1000000
187,balanced,0,0.1,8.519102,92.731217,1239,1428,32770,10,0,2000000,2000000,2000000
188,attr0_narrow,0,1,7.703431,139.02089,1026,5425,15711,10,0,1000000,5000000,5000000
189,attr1_narrow,1,1,12.281789,175.72719,1031,3399,10063,10,0,5000000,1000000,5000000
190,attr2_narrow,2,1,7.573415,201.84693,1033,4038,11954,10,0,5000000,5000000,1000000
191,balanced,0,0,0.232649,96.076016,23,23,719,10,0,2000000,2000000,2000000
192,attr0_narrow,0,1,6.621196,182.30092,1041,5086,15401,10,0,1000000,5000000,5000000
193,attr1_narrow,1,1,13.963686,192.79999,1029,4236,12441,10,0,5000000,1000000,5000000
194,attr2_narrow,2,1,12.235862,213.73522,1032,3971,11673,10,0,5000000,5000000,1000000
195,balanced,0,0.5,9.191252,145.14277,1142,1460,35846,10,0,2000000,2000000,2000000
196,attr0_narrow,0,1,5.651214,139.52266,1029,3585,10500,10,0,1000000,5000000,5000000
197,attr1_narrow,1,1,11.436362,176.85335,1025,3531,11059,10,0,5000000,1000000,5000000
198,attr2_narrow,2,1,7.370542,198.90507,1028,4121,12298,10,0,5000000,5000000,1000000
199,balanced,0,0.7,9.367444,156.48216,1132,1457,35337,10,0,2000000,2000000,2000000
200,attr0_narrow,0,1,5.88711,157.70766,1040,3553,10634,10,0,1000000,5000000,5000000
201,attr1_narrow,1,1,15.768154,181.39848,1029,5583,16820,10,0,5000000,1000000,5000000
202,attr2_narrow,2,1,8.048373,202.89783,1029,4122,12118,10,0,5000000,5000000,1000000
203,balanced,0,0.5,7.790214,145.56044,1113,1308,31675,10,0,2000000,2000000,2000000
204,attr0_narrow,0,1,5.310461,189.6226,1030,3166,9263,10,0,1000000,5000000,5000000
205,attr1_narrow,1,1,13.553761,183.28441,1026,4131,12536,10,0,5000000,1000000,5000000
206,attr2_narrow,2,1,10.402839,209.31793,1028,3158,9824,10,0,5000000,5000000,1000000
207,balanced,0,0.5,10.882766,118.01817,1372,1738,41019,10,0,2000000,2000000,2000000
208,attr0_narrow,0,1,9.967948,164.59475,1027,4155,12963,10,0,1000000,5000000,5000000
209,attr1_narrow,1,1,12.208681,176.54923,1026,3503,10124,10,0,5000000,1000000,5000000
210,attr2_narrow,2,1,7.244554,201.85092,1033,3706,10884,10,0,5000000,5000000,1000000
211,balanced,0,0.1,7.712057,97.400196,1062,1278,29993,10,0,2000000,2000000,2000000
212,attr0_narrow,0,1,5.656274,174.97283,1028,3580,11103,10,0,1000000,5000000,5000000
213,attr1_narrow,1,1,13.904333,196.73957,1028,4887,14594,10,0,5000000,1000000,5000000
214,attr2_narrow,2,1,10.536833,200.08385,1030,2869,8717,10,0,5000000,5000000,1000000
215,balanced,0,0,9.733495,121.52165,1188,1562,37470,10,0,2000000,2000000,2000000
216,attr0_narrow,0,1,9.226869,137.92989,1038,4116,12213,10,0,1000000,5000000,5000000
217,attr1_narrow,1,1,13.964197,190.41318,1025,4632,14083,10,0,5000000,1000000,5000000
218,attr2_narrow,2,1,8.044395,224.7898,1027,4537,13838,10,0,5000000,5000000,1000000
219,balanced,0,0,7.319686,112.98652,1067,1274,30663,10,0,2000000,2000000,2000000
220,attr0_narrow,0,1,7.040108,173.51135,1044,5322,16096,10,0,1000000,5000000,5000000
221,attr1_narrow,1,1,13.959397,173.41589,1032,4751,14272,10,0,5000000,1000000,5000000
222,attr2_narrow,2,1,7.405548,217.54426,1036,4109,12546,10,0,5000000,5000000,1000000
223,balanced,0,0,7.684174,90.141325,1088,1214,29088,10,0,2000000,2000000,2000000
224,attr0_narrow,0,0.9,7.023045,169.06071,1030,5194,15423,10,0,1000000,5000000,5000000
225,attr1_narrow,1,1,12.874288,174.81219,1028,4206,12733,10,0,5000000,1000000,5000000
226,attr2_narrow,2,1,13.286016,196.50363,1037,4262,12526,10,0,5000000,5000000,1000000
227,balanced,0,0,0.188607,93.171119,13,13,532,10,0,2000000,2000000,2000000
228,attr0_narrow,0,1,5.27305,160.66505,1034,3264,9839,10,0,1000000,5000000,5000000
229,attr1_narrow,1,1,12.292779,186.17507,1042,3027,9141,10,0,5000000,1000000,5000000
230,attr2_narrow,2,1,7.374259,201.11123,1035,3393,10141,10,0,5000000,5000000,1000000
231,balanced,0,0.3,7.598021,132.49287,1098,1383,31962,10,0,2000000,2000000,2000000
232,attr0_narrow,0,1,7.876428,143.2351,1029,5282,15777,10,0,1000000,5000000,5000000
233,attr1_narrow,1,1,14.778505,202.06462,1039,3326,10338,10,0,5000000,1000000,5000000
234,attr2_narrow,2,1,10.567872,204.61615,1042,3247,9736,10,0,5000000,5000000,1000000
235,balanced,0,0.3,11.157235,117.77517,1482,1754,43012,10,0,2000000,2000000,2000000
236,attr0_narrow,0,1,10.065813,126.55047,1030,4221,12671,10,0,1000000,5000000,5000000
237,attr1_narrow,1,1,14.328204,184.25741,1027,5180,15341,10,0,5000000,1000000,5000000
238,attr2_narrow,2,1,12.140241,227.22633,1031,3782,11556,10,0,5000000,5000000,1000000
239,balanced,0,0.2,8.365802,93.540696,1158,1282,31310,10,0,2000000,2000000,2000000
240,attr0_narrow,0,0.8,5.396463,174.90519,1030,3319,10116,10,0,1000000,5000000,5000000
241,attr1_narrow,1,1,14.197066,172.6165,1031,5251,15829,10,0,5000000,1000000,5000000
242,attr2_narrow,2,1,8.420205,224.62244,1051,2110,6332,10,0,5000000,5000000,1000000
243,balanced,0,0.3,8.520374,110.17291,1047,1416,32808,10,0,2000000,2000000,2000000
244,attr0_narrow,0,1,11.542582,121.08688,1030,5054,15135,10,0,1000000,5000000,5000000
245,attr1_narrow,1,1,14.80244,191.61571,1036,5005,14761,10,0,5000000,1000000,5000000
246,attr2_narrow,2,1,9.619901,200.91352,1032,2579,8068,10,0,5000000,5000000,1000000
247,balanced,0,0,0.108094,127.75576,7,7,290,7,1,2000000,2000000,2000000
248,attr0_narrow,0,1,7.57049,173.66687,1029,5450,16348,10,0,1000000,5000000,5000000
249,attr1_narrow,1,1,14.974195,178.77487,1027,5332,15973,10,0,5000000,1000000,5000000
250,attr2_narrow,2,1,13.029811,205.04458,1031,4419,13856,10,0,5000000,5000000,1000000
251,balanced,0,0.1,7.721205,115.0918,1042,1293,30106,10,0,2000000,2000000,2000000
252,attr0_narrow,0,1,5.027306,168.68957,1028,2698,8030,10,0,1000000,5000000,5000000
253,attr1_narrow,1,1,15.301693,207.53499,1036,5235,15604,10,0,5000000,1000000,5000000
254,attr2_narrow,2,1,11.125986,207.04449,1030,3425,9980,10,0,5000000,5000000,1000000
255,balanced,0,0.1,8.224525,108.52715,1219,1433,35382,10,0,2000000,2000000,2000000
256,attr0_narrow,0,0.9,4.268863,153.9573,1031,2178,6640,10,0,1000000,5000000,5000000
257,attr1_narrow,1,1,12.570073,172.97242,1065,3900,11426,10,0,5000000,1000000,5000000
258,attr2_narrow,2,1,9.616925,229.56189,1036,2903,8611,10,0,5000000,5000000,1000000
259,balanced,0,0.2,8.410086,112.99044,1114,1435,34582,10,0,2000000,2000000,2000000
260,attr0_narrow,0,1,6.667915,139.72297,1028,5090,15298,10,0,1000000,5000000,5000000
261,attr1_narrow,1,1,13.384221,170.24437,1029,4654,13980,10,0,5000000,1000000,5000000
262,attr2_narrow,2,1,15.728839,200.32172,1045,5328,15805,10,0,5000000,5000000,1000000
263,balanced,0,0.6,11.862898,157.9399,1684,2038,49819,10,0,2000000,2000000,2000000
264,attr0_narrow,0,1,3.327866,135.26524,1037,1237,3589,10,0,1000000,5000000,5000000
265,attr1_narrow,1,0.9,13.968625,180.25907,1328,3285,9837,10,0,5000000,1000000,5000000
266,attr2_narrow,2,0.9,8.068259,199.64185,1035,4378,13797,10,0,5000000,5000000,1000000
267,balanced,0,0,0.094047,113.61328,7,7,230,7,1,2000000,2000000,2000000
268,attr0_narrow,0,0.8,7.219978,174.17613,1035,5863,17598,10,0,1000000,5000000,5000000
269,attr1_narrow,1,1,16.30059,221.6811,1032,5153,15442,10,0,5000000,1000000,5000000
270,attr2_narrow,2,0.9,8.196282,194.24792,1026,4399,13491,10,0,5000000,5000000,1000000
271,balanced,0,0.2,10.973007,94.677534,1403,1580,38539,10,0,2000000,2000000,2000000
272,attr0_narrow,0,0.8,6.778524,162.15549,1039,4766,14712,10,0,1000000,5000000,5000000
273,attr1_narrow,1,1,16.0203,181.38789,1028,3753,11871,10,0,5000000,1000000,5000000
274,attr2_narrow,2,1,6.69196,222.66945,1031,3687,10910,10,0,5000000,5000000,1000000
275,balanced,0,0.5,7.808279,138.66533,1125,1423,34163,10,0,2000000,2000000,2000000
276,attr0_narrow,0,1,7.456164,144.19831,1028,6370,18793,10,0,1000000,5000000,5000000
277,attr1_narrow,1,1,13.948888,181.64318,1028,4444,13115,10,0,5000000,1000000,5000000
278,attr2_narrow,2,1,7.150957,207.2564,1029,2175,6565,10,0,5000000,5000000,1000000
279,balanced,0,0,8.731853,94.442029,1116,1305,31100,10,0,2000000,2000000,2000000
280,attr0_narrow,0,1,9.204917,167.15348,1031,4000,11754,10,0,1000000,5000000,5000000
281,attr1_narrow,1,1,14.185475,196.51236,1029,4183,12564,10,0,5000000,1000000,5000000
282,attr2_narrow,2,1,13.793975,195.99925,1028,4851,14536,10,0,5000000,5000000,1000000
283,balanced,0,0.1,8.321518,136.75782,1101,1372,33022,10,0,2000000,2000000,2000000
284,attr0_narrow,0,1,6.820353,156.30024,1029,5097,15384,10,0,1000000,5000000,5000000
285,attr1_narrow,1,1,12.345138,171.80836,1039,3933,11922,10,0,5000000,1000000,5000000
286,attr2_narrow,2,1,11.66325,225.65469,1044,3945,11812,10,0,5000000,5000000,1000000
287,balanced,0,0.4,7.577723,140.84456,1030,1351,32589,10,0,2000000,2000000,2000000
288,attr0_narrow,0,0.8,4.40519,163.30877,1033,2051,6153,10,0,1000000,5000000,5000000
289,attr1_narrow,1,1,16.208826,179.26821,1037,4257,12512,10,0,5000000,1000000,5000000
290,attr2_narrow,2,1,7.719832,198.31976,1028,4013,12293,10,0,5000000,5000000,1000000
291,balanced,0,0,7.845139,111.08856,1103,1415,34675,10,0,2000000,2000000,2000000
292,attr0_narrow,0,1,6.179743,180.27314,1029,4566,13949,10,0,1000000,5000000,5000000
293,attr1_narrow,1,1,15.421941,174.65252,1030,3354,10440,10,0,5000000,1000000,5000000
294,attr2_narrow,2,1,14.656504,203.40394,1041,4957,14480,10,0,5000000,5000000,1000000
295,balanced,0,0,0.098305,144.73624,7,7,301,7,1,2000000,2000000,2000000
296,attr0_narrow,0,1,5.887742,186.75822,1030,3891,11604,10,0,1000000,5000000,5000000
297,attr1_narrow,1,1,13.876321,200.55289,1039,5270,16098,10,0,5000000,1000000,5000000
298,attr2_narrow,2,1,7.729009,228.33017,1028,2977,8869,10,0,5000000,5000000,1000000
299,balanced,0,0,7.41741,99.442304,1107,1242,31465,10,0,2000000,2000000,2000000
300,attr0_narrow,0,1,4.28857,189.89669,1031,2394,7359,10,0,1000000,5000000,5000000
301,attr1_narrow,1,1,14.295833,230.77286,1033,4558,13403,10,0,5000000,1000000,5000000
302,attr2_narrow,2,1,7.563266,235.01918,1039,4483,13646,10,0,5000000,5000000,1000000
303,balanced,0,0.1,9.689993,136.20127,1336,1705,39565,10,0,2000000,2000000,2000000
304,attr0_narrow,0,1,6.878072,225.67105,1028,5430,16399,10,0,1000000,5000000,5000000
305,attr1_narrow,1,1,14.090525,209.39037,1032,5329,15957,10,0,5000000,1000000,5000000
306,attr2_narrow,2,1,14.240188,248.77781,1028,5205,15663,10,0,5000000,5000000,1000000
307,balanced,0,0,8.009338,149.70513,1123,1398,32873,10,0,2000000,2000000,2000000
308,attr0_narrow,0,1,6.376254,162.46362,1041,2226,6716,10,0,1000000,5000000,5000000
309,attr1_narrow,1,1,13.316814,230.21509,1032,3047,8832,10,0,5000000,1000000,5000000
310,attr2_narrow,2,1,8.495277,243.15259,1035,2533,7874,10,0,5000000,5000000,1000000
311,balanced,0,0,7.569698,142.28649,1072,1288,32014,10,0,2000000,2000000,2000000
312,attr0_narrow,0,1,4.379302,237.47486,1029,2322,7026,10,0,1000000,5000000,5000000
313,attr1_narrow,1,1,12.432724,216.21546,1029,3699,11001,10,0,5000000,1000000,5000000
314,attr2_narrow,2,1,8.008848,234.70243,1030,4705,14246,10,0,5000000,5000000,1000000
315,balanced,0,0,0.436024,106.56595,47,47,1389,10,0,2000000,2000000,2000000
316,attr0_narrow,0,0.9,7.020872,161.20183,1034,2653,7740,10,0,1000000,5000000,5000000
317,attr1_narrow,1,1,14.43713,245.92611,1031,5994,17640,10,0,5000000,1000000,5000000
318,attr2_narrow,2,1,9.838744,209.01012,1044,2733,8226,10,0,5000000,5000000,1000000
319,balanced,0,0,0.114746,149.63682,9,9,314,9,1,2000000,2000000,2000000
320,attr0_narrow,0,1,4.429066,184.14632,1034,2142,6799,10,0,1000000,5000000,5000000
321,attr1_narrow,1,1,14.244005,208.51526,1041,4088,12529,10,0,5000000,1000000,5000000
322,attr2_narrow,2,1,9.631813,210.63961,1043,2283,6785,10,0,5000000,5000000,1000000
323,balanced,0,0,8.387723,90.422928,1276,1393,34164,10,0,2000000,2000000,2000000
324,attr0_narrow,0,1,5.397605,151.6365,1036,3470,10318,10,0,1000000,5000000,5000000
325,attr1_narrow,1,1,15.490269,183.91704,1032,3248,9650,10,0,5000000,1000000,5000000
326,attr2_narrow,2,1,14.49564,206.19888,1034,4485,13376,10,0,5000000,5000000,1000000
327,balanced,0,0,8.26943,140.18969,1176,1437,34508,10,0,2000000,2000000,2000000
328,attr0_narrow,0,1,6.396762,178.21917,1028,4770,13937,10,0,1000000,5000000,5000000
329,attr1_narrow,1,1,13.836636,181.53747,1037,2986,9181,10,0,5000000,1000000,5000000
330,attr2_narrow,2,1,9.797716,217.06053,1035,2296,7086,10,0,5000000,5000000,1000000
331,balanced,0,0.1,9.792797,93.906868,1311,1469,34374,10,0,2000000,2000000,2000000
332,attr0_narrow,0,1,6.043365,159.91181,1029,3991,12173,10,0,1000000,5000000,5000000
333,attr1_narrow,1,0.9,12.070048,183.41636,1040,4057,12056,10,0,5000000,1000000,5000000
334,attr2_narrow,2,1,9.139574,196.28602,1036,2381,6920,10,0,5000000,5000000,1000000
335,balanced,0,0,0.17442,102.95005,15,15,397,10,0,2000000,2000000,2000000
336,attr0_narrow,0,1,8.013156,129.87871,1032,3522,10376,10,0,1000000,5000000,5000000
337,attr1_narrow,1,1,13.05498,172.97977,1030,4859,14395,10,0,5000000,1000000,5000000
338,attr2_narrow,2,1,7.098979,208.68545,1037,1370,4051,10,0,5000000,5000000,1000000
339,balanced,0,0.3,8.374508,140.30378,1248,1523,35743,10,0,2000000,2000000,2000000
340,attr0_narrow,0,1,5.20963,172.09596,1029,3512,10573,10,0,1000000,5000000,5000000
341,attr1_narrow,1,1,14.848718,204.9628,1033,4394,13169,10,0,5000000,1000000,5000000
342,attr2_narrow,2,1,9.826521,191.7547,1035,3137,9158,10,0,5000000,5000000,1000000
343,balanced,0,0,0.13783,155.22062,11,11,369,10,0,2000000,2000000,2000000
344,attr0_narrow,0,1,4.986388,169.11416,1079,2826,8334,10,0,1000000,5000000,5000000
345,attr1_narrow,1,1,14.769307,204.30002,1033,4888,14315,10,0,5000000,1000000,5000000
346,attr2_narrow,2,1,7.340215,193.06778,1035,2619,7870,10,0,5000000,5000000,1000000
347,balanced,0,0,8.591077,87.807337,1210,1468,34201,10,0,2000000,2000000,2000000
348,attr0_narrow,0,0.8,4.797061,179.19226,1033,3016,9047,10,0,1000000,5000000,5000000
349,attr1_narrow,1,1,12.768549,192.22262,1028,3928,12247,10,0,5000000,1000000,5000000
350,attr2_narrow,2,1,8.898358,205.90034,1035,2532,7449,10,0,5000000,5000000,1000000
351,balanced,0,0,0.06872,107.46572,4,4,196,4,1,2000000,2000000,2000000
352,attr0_narrow,0,1,5.994954,126.60725,1029,3653,11400,10,0,1000000,5000000,5000000
353,attr1_narrow,1,1,12.68468,207.8137,1035,3037,8921,10,0,5000000,1000000,5000000
354,attr2_narrow,2,1,11.224472,205.54191,1031,3431,10352,10,0,5000000,5000000,1000000
355,balanced,0,0.2,8.632876,109.13857,1159,1417,33971,10,0,2000000,2000000,2000000
356,attr0_narrow,0,1,10.054161,146.17584,1028,4907,15492,10,0,1000000,5000000,5000000
357,attr1_narrow,1,1,13.365275,185.56306,1039,4277,12881,10,0,5000000,1000000,5000000
358,attr2_narrow,2,1,8.29577,192.22715,1037,2367,7241,10,0,5000000,5000000,1000000
359,balanced,0,0,0.084079,95.668496,6,6,222,6,1,2000000,2000000,2000000
360,attr0_narrow,0,1,6.703622,134.02074,1028,5102,15392,10,0,1000000,5000000,5000000
361,attr1_narrow,1,0.9,13.889576,190.81066,1037,5147,14964,10,0,5000000,1000000,5000000
362,attr2_narrow,2,1,10.991061,208.15831,1031,5468,16457,10,0,5000000,5000000,1000000
363,balanced,0,0,0.438048,144.30447,44,44,1368,10,0,2000000,2000000,2000000
364,attr0_narrow,0,0.9,8.720572,139.65336,1036,3872,11102,10,0,1000000,5000000,5000000
365,attr1_narrow,1,1,15.149014,194.07315,1033,3768,11585,10,0,5000000,1000000,5000000
366,attr2_narrow,2,1,9.960955,204.51759,1034,2681,8355,10,0,5000000,5000000,1000000
367,balanced,0,0,11.805118,142.01279,1661,1937,46890,10,0,2000000,2000000,2000000
368,attr0_narrow,0,1,5.730264,130.5364,1027,3889,11478,10,0,1000000,5000000,5000000
369,attr1_narrow,1,1,13.646186,191.35458,1030,4219,12596,10,0,5000000,1000000,5000000
370,attr2_narrow,2,1,10.378113,205.62353,1032,3184,9411,10,0,5000000,5000000,1000000
371,balanced,0,0.6,8.323351,95.231461,1115,1289,30834,10,0,2000000,2000000,2000000
372,attr0_narrow,0,1,7.805183,166.51445,1033,6229,18354,10,0,1000000,5000000,5000000
373,attr1_narrow,1,1,12.376708,192.79973,1031,3999,12128,10,0,5000000,1000000,5000000
374,attr2_narrow,2,1,10.032089,199.40035,1032,4211,12665,10,0,5000000,5000000,1000000
375,balanced,0,0.6,7.864254,133.5828,1033,1306,30475,10,0,2000000,2000000,2000000
376,attr0_narrow,0,1,5.125251,169.57984,1046,3159,9648,10,0,1000000,5000000,5000000
377,attr1_narrow,1,1,21.206125,191.88101,1029,3165,9584,10,0,5000000,1000000,5000000
378,attr2_narrow,2,1,12.435589,205.43358,1036,2947,8650,10,0,5000000,5000000,1000000
379,balanced,0,0,0.130797,96.853053,8,8,351,8,1,2000000,2000000,2000000
380,attr0_narrow,0,1,7.059925,179.32691,1028,5186,15296,10,0,1000000,5000000,5000000
381,attr1_narrow,1,1,14.014722,193.70768,1031,4972,15250,10,0,5000000,1000000,5000000
382,attr2_narrow,2,1,13.14573,212.99887,1026,4031,11781,10,0,5000000,5000000,1000000
383,balanced,0,0,0.277254,97.400437,30,30,726,10,0,2000000,2000000,2000000
384,attr0_narrow,0,0.9,4.83916,170.46817,1036,2862,8405,10,0,1000000,5000000,5000000
385,attr1_narrow,1,1,14.529865,191.61948,1028,5382,16016,10,0,5000000,1000000,5000000
386,attr2_narrow,2,1,15.610577,206.13291,1027,4566,13734,10,0,5000000,5000000,1000000
387,balanced,0,0.1,8.112493,141.86464,1139,1389,32782,10,0,2000000,2000000,2000000
388,attr0_narrow,0,1,7.49118,131.09019,1030,5764,17991,10,0,1000000,5000000,5000000
389,attr1_narrow,1,0.9,10.966835,184.49477,1031,2956,8650,10,0,5000000,1000000,5000000
390,attr2_narrow,2,1,6.099311,198.06836,1030,1610,4710,10,0,5000000,5000000,1000000
391,balanced,0,0.5,8.734789,136.22774,1234,1470,36025,10,0,2000000,2000000,2000000
392,attr0_narrow,0,1,5.706619,188.1604,1037,3144,9280,10,0,1000000,5000000,5000000
393,attr1_narrow,1,1,16.219246,194.42749,1030,5297,16143,10,0,5000000,1000000,5000000
394,attr2_narrow,2,1,11.265438,199.71578,1032,5513,16841,10,0,5000000,5000000,1000000
395,balanced,0,0.2,8.254632,141.5914,1232,1422,32792,10,0,2000000,2000000,2000000
396,attr0_narrow,0,1,6.227012,131.18491,1026,4171,12417,10,0,1000000,5000000,5000000
397,attr1_narrow,1,1,14.106295,193.56494,1030,5501,16382,10,0,5000000,1000000,5000000
398,attr2_narrow,2,1,11.744353,216.00462,1041,3201,9558,10,0,5000000,5000000,1000000
399,balanced,0,0,0.109426,93.625216,8,8,248,8,1,2000000,2000000,2000000
400,attr0_narrow,0,1,10.924154,137.93672,1027,5495,16774,10,0,1000000,5000000,5000000
401,attr1_narrow,1,1,17.746972,183.81803,1036,4463,13482,10,0,5000000,1000000,5000000
402,attr2_narrow,2,1,12.296336,191.7995,1055,3761,11089,10,0,5000000,5000000,1000000
403,balanced,0,0.4,7.975194,121.73828,1083,1345,31304,10,0,2000000,2000000,2000000
404,attr0_narrow,0,1,6.375824,139.14575,1032,4227,12395,10,0,1000000,5000000,5000000
405,attr1_narrow,1,0.9,12.729625,187.75797,1031,2659,8297,10,0,5000000,1000000,5000000
406,attr2_narrow,2,1,12.484592,189.45023,1036,4107,12287,10,0,5000000,5000000,1000000
407,balanced,0,0,0.082546,97.438098,6,6,222,6,1,2000000,2000000,2000000
408,attr0_narrow,0,1,6.778985,159.05509,1028,4925,14640,10,0,1000000,5000000,5000000
409,attr1_narrow,1,1,12.286337,193.91953,1027,3841,11472,10,0,5000000,1000000,5000000
410,attr2_narrow,2,0.9,15.845671,213.14731,1034,5371,15460,10,0,5000000,5000000,1000000
411,balanced,0,0,7.807697,99.351492,1047,1239,29312,10,0,2000000,2000000,2000000
412,attr0_narrow,0,1,6.980084,143.32585,1035,5358,16132,10,0,1000000,5000000,5000000
413,attr1_narrow,1,1,13.566205,190.21363,1029,4691,14032,10,0,5000000,1000000,5000000
414,attr2_narrow,2,1,10.083146,200.46456,1032,3923,11954,10,0,5000000,5000000,1000000
415,balanced,0,0,0.089068,116.24274,6,6,251,6,1,2000000,2000000,2000000
416,attr0_narrow,0,1,4.585241,188.87546,1030,2647,7800,10,0,1000000,5000000,5000000
417,attr1_narrow,1,1,12.554774,191.64655,1031,3637,10936,10,0,5000000,1000000,5000000
418,attr2_narrow,2,1,9.228531,209.59356,1032,3308,10111,10,0,5000000,5000000,1000000
419,balanced,0,0.3,9.133602,100.98614,1209,1575,35929,10,0,2000000,2000000,2000000
420,attr0_narrow,0,1,5.941482,126.31762,1031,3519,10710,10,0,1000000,5000000,5000000
421,attr1_narrow,1,1,33.089742,189.57599,1030,4220,12423,10,0,5000000,1000000,5000000
422,attr2_narrow,2,1,10.175179,195.75373,1037,3504,10938,10,0,5000000,5000000,1000000
423,balanced,0,0.2,9.950455,125.31148,1193,1554,37791,10,0,2000000,2000000,2000000
424,attr0_narrow,0,1,6.24197,152.05141,1036,4354,13272,10,0,1000000,5000000,5000000
425,attr1_narrow,1,0.9,13.367229,204.68299,1030,4159,12638,10,0,5000000,1000000,5000000
426,attr2_narrow,2,1,14.30998,207.24296,1034,4456,13263,10,0,5000000,5000000,1000000
427,balanced,0,0,0.983798,102.90442,118,118,2964,10,0,2000000,2000000,2000000
428,attr0_narrow,0,1,6.553599,152.50527,1032,4412,13581,10,0,1000000,5000000,5000000
429,attr1_narrow,1,1,14.616288,196.79148,1029,4957,15150,10,0,5000000,1000000,5000000
430,attr2_narrow,2,1,14.006897,216.00486,1038,4488,13476,10,0,5000000,5000000,1000000
431,balanced,0,0.3,8.409484,130.61345,1034,1409,32967,10,0,2000000,2000000,2000000
432,attr0_narrow,0,1,6.256879,177.03193,1037,4335,13161,10,0,1000000,5000000,5000000
433,attr1_narrow,1,1,12.051453,209.09103,1034,3579,11109,10,0,5000000,1000000,5000000
434,attr2_narrow,2,1,18.178667,209.02357,1034,5318,15971,10,0,5000000,5000000,1000000
435,balanced,0,0.1,8.426606,115.42684,1075,1332,31607,10,0,2000000,2000000,2000000
436,attr0_narrow,0,1,9.58756,138.26621,1028,4504,13490,10,0,1000000,5000000,5000000
437,attr1_narrow,1,1,12.132737,177.27271,1032,3243,9882,10,0,5000000,1000000,5000000
438,attr2_narrow,2,0.9,12.702283,201.70959,1027,4203,12712,10,0,5000000,5000000,1000000
439,balanced,0,0.3,8.091153,123.7603,1119,1308,30542,10,0,2000000,2000000,2000000
440,attr0_narrow,0,1,4.452249,175.61659,1039,2271,7078,10,0,1000000,5000000,5000000
441,attr1_narrow,1,1,12.519167,183.84754,1041,4957,14989,10,0,5000000,1000000,5000000
442,attr2_narrow,2,1,10.555768,200.74401,1030,4367,12985,10,0,5000000,5000000,1000000
443,balanced,0,0.2,8.68769,120.51927,1171,1475,36028,10,0,2000000,2000000,2000000
444,attr0_narrow,0,0.9,6.857422,137.51962,1027,5089,15206,10,0,1000000,5000000,5000000
445,attr1_narrow,1,1,17.506688,182.01336,1033,5635,17106,10,0,5000000,1000000,5000000
446,attr2_narrow,2,1,16.153252,213.93005,1033,4388,13327,10,0,5000000,5000000,1000000
447,balanced,0,0.5,7.971928,141.38992,1120,1324,30909,10,0,2000000,2000000,2000000
448,attr0_narrow,0,1,6.002708,165.49007,1030,4267,12664,10,0,1000000,5000000,5000000
449,attr1_narrow,1,0.5,10.190809,200.39284,1039,1958,6190,10,0,5000000,1000000,5000000
450,attr2_narrow,2,0.9,10.283865,194.46309,1036,3140,9375,10,0,5000000,5000000,1000000
451,balanced,0,0.3,12.189615,126.08575,1634,2093,49124,10,0,2000000,2000000,2000000
452,attr0_narrow,0,1,7.010171,165.9112,1028,5509,16370,10,0,1000000,5000000,5000000
453,attr1_narrow,1,1,13.688165,185.32137,1047,5109,15223,10,0,5000000,1000000,5000000
454,attr2_narrow,2,1,13.054398,218.7264,1032,3292,9867,10,0,5000000,5000000,1000000
455,balanced,0,0,0.062919,144.89236,4,4,171,4,1,2000000,2000000,2000000
456,attr0_narrow,0,1,5.742006,135.97284,1031,3828,11400,10,0,1000000,5000000,5000000
457,attr1_narrow,1,1,11.580564,205.1844,1033,2761,8152,10,0,5000000,1000000,5000000
458,attr2_narrow,2,1,9.083237,200.51111,1025,2763,8176,10,0,5000000,5000000,1000000
459,balanced,0,0.4,8.130908,155.76802,1126,1411,32760,10,0,2000000,2000000,2000000
460,attr0_narrow,0,0.9,7.108787,128.76851,1075,5272,15921,10,0,1000000,5000000,5000000
461,attr1_narrow,1,1,23.45849,193.69628,1034,5112,15147,10,0,5000000,1000000,5000000
462,attr2_narrow,2,1,10.146675,199.55867,1029,3978,11983,10,0,5000000,5000000,1000000
463,balanced,0,0,0.218302,108.79581,17,17,699,10,0,2000000,2000000,2000000
464,attr0_narrow,0,1,6.449843,141.28262,1030,3888,11558,10,0,1000000,5000000,5000000
465,attr1_narrow,1,1,22.888895,187.57973,1031,5346,16061,10,0,5000000,1000000,5000000
466,attr2_narrow,2,1,17.041349,205.40886,1028,5253,15633,10,0,5000000,5000000,1000000
467,balanced,0,0.6,8.914368,154.90804,1214,1632,36802,10,0,2000000,2000000,2000000
468,attr0_narrow,0,1,5.698463,175.07044,1028,3507,10512,10,0,1000000,5000000,5000000
469,attr1_narrow,1,1,12.796451,196.91913,1026,3284,9991,10,0,5000000,1000000,5000000
470,attr2_narrow,2,1,22.665342,205.85618,1029,5281,15890,10,0,5000000,5000000,1000000
471,balanced,0,0.5,7.493524,107.55396,1033,1371,32789,10,0,2000000,2000000,2000000
472,attr0_narrow,0,1,8.238231,127.77545,1028,4137,12116,10,0,1000000,5000000,5000000
473,attr1_narrow,1,1,12.277982,179.22493,1031,4040,12134,10,0,5000000,1000000,5000000
474,attr2_narrow,2,1,16.339333,213.40247,1071,4190,12453,10,0,5000000,5000000,1000000
475,balanced,0,0,8.362586,97.257407,1068,1290,31000,10,0,2000000,2000000,2000000
476,attr0_narrow,0,1,7.085203,153.77305,1031,5011,15059,10,0,1000000,5000000,5000000
477,attr1_narrow,1,1,11.507766,196.75012,1040,2801,8505,10,0,5000000,1000000,5000000
478,attr2_narrow,2,1,14.085746,210.83022,1027,4720,14345,10,0,5000000,5000000,1000000
479,balanced,0,0.7,17.987245,118.86792,1420,1799,41350,10,0,2000000,2000000,2000000
480,attr0_narrow,0,1,6.981046,150.96034,1026,4872,14797,10,0,1000000,5000000,5000000
481,attr1_narrow,1,1,14.551306,191.97692,1030,3687,10575,10,0,5000000,1000000,5000000
482,attr2_narrow,2,1,12.411294,197.06823,1031,4780,14442,10,0,5000000,5000000,1000000
483,balanced,0,0,0.234744,109.89908,18,18,663,10,0,2000000,2000000,2000000
484,attr0_narrow,0,1,6.180825,143.28527,1029,4426,13331,10,0,1000000,5000000,5000000
485,attr1_narrow,1,1,10.249991,189.7679,1031,1888,5790,10,0,5000000,1000000,5000000
486,attr2_narrow,2,1,9.133732,203.49432,1033,1775,5257,10,0,5000000,5000000,1000000
487,balanced,0,0,0.276542,99.397148,28,28,890,10,0,2000000,2000000,2000000
488,attr0_narrow,0,1,7.615845,155.57689,1027,3864,11644,10,0,1000000,5000000,5000000
489,attr1_narrow,1,0.9,12.872033,172.85206,1033,5618,16889,10,0,5000000,1000000,5000000
490,attr2_narrow,2,1,16.229175,190.48709,1029,5334,15923,10,0,5000000,5000000,1000000
491,balanced,0,0,0.198636,110.61211,16,16,675,10,0,2000000,2000000,2000000
492,attr0_narrow,0,1,5.787071,173.99659,1054,4014,11788,10,0,1000000,5000000,5000000
493,attr1_narrow,1,1,16.107175,193.14564,1026,5852,17638,10,0,5000000,1000000,5000000
494,attr2_narrow,2,0.9,13.265006,201.19292,1030,3528,10599,10,0,5000000,5000000,1000000
495,balanced,0,0.4,7.389457,136.06453,1063,1283,30833,10,0,2000000,2000000,2000000
496,attr0_narrow,0,1,6.37913,133.14927,1034,2930,8334,10,0,1000000,5000000,5000000
497,attr1_narrow,1,1,13.435948,191.92769,1054,4173,12435,10,0,5000000,1000000,5000000
498,attr2_narrow,2,1,11.963758,207.79214,1057,2797,8720,10,0,5000000,5000000,1000000
499,balanced,0,0,0.633928,115.57282,67,67,2061,10,0,2000000,2000000,2000000
500,attr0_narrow,0,1,4.683597,175.62857,1029,2825,8154,10,0,1000000,5000000,5000000
501,attr1_narrow,1,1,15.407743,168.90228,1040,3340,10194,10,0,5000000,1000000,5000000
502,attr2_narrow,2,1,14.763236,215.50288,1037,3991,11577,10,0,5000000,5000000,1000000
503,balanced,0,0.1,10.449408,97.886936,1445,1668,40021,10,0,2000000,2000000,2000000
504,attr0_narrow,0,1,7.131921,154.60843,1029,5470,16303,10,0,1000000,5000000,5000000
505,attr1_narrow,1,1,14.798543,178.79972,1028,5202,15694,10,0,5000000,1000000,5000000
506,attr2_narrow,2,1,13.062003,222.41035,1033,2307,6659,10,0,5000000,5000000,1000000
507,balanced,0,0,7.621196,113.51195,1099,1353,31902,10,0,2000000,2000000,2000000
508,attr0_narrow,0,1,4.302678,143.16554,1028,2275,6643,10,0,1000000,5000000,5000000
509,attr1_narrow,1,1,14.065257,196.9997,1033,3855,11499,10,0,5000000,1000000,5000000
510,attr2_narrow,2,1,16.458869,196.20307,1036,4537,13925,10,0,5000000,5000000,1000000
511,balanced,0,0.4,7.319876,121.45557,1039,1242,29123,10,0,2000000,2000000,2000000
512,attr0_narrow,0,1,3.502206,168.63588,1120,1475,4458,10,0,1000000,5000000,5000000
513,attr1_narrow,1,0.9,16.398064,169.34878,1032,3778,11389,10,0,5000000,1000000,5000000
514,attr2_narrow,2,1,12.731639,212.4659,1039,2560,7973,10,0,5000000,5000000,1000000
515,balanced,0,0.1,9.066114,83.047216,1218,1385,33958,10,0,2000000,2000000,2000000
516,attr0_narrow,0,0.9,7.305779,137.97025,1100,5606,16920,10,0,1000000,5000000,5000000
517,attr1_narrow,1,1,11.401706,210.45996,1041,2351,7207,10,0,5000000,1000000,5000000
518,attr2_narrow,2,1,12.679891,193.4908,1043,2654,8264,10,0,5000000,5000000,1000000
519,balanced,0,0.2,7.480289,100.19512,1137,1296,31358,10,0,2000000,2000000,2000000
520,attr0_narrow,0,1,6.308576,155.21488,1028,4561,13697,10,0,1000000,5000000,5000000
521,attr1_narrow,1,0.8,16.595958,185.91772,1033,5791,17280,10,0,5000000,1000000,5000000
522,attr2_narrow,2,1,10.58878,193.92433,1033,3038,8862,10,0,5000000,5000000,1000000
523,balanced,0,0,0.111921,125.0502,7,7,357,7,1,2000000,2000000,2000000
524,attr0_narrow,0,1,5.502855,161.26861,1028,3984,11728,10,0,1000000,5000000,5000000
525,attr1_narrow,1,1,13.74378,176.74619,1031,4687,14220,10,0,5000000,1000000,5000000
526,attr2_narrow,2,1,11.995518,215.46418,1027,4875,14693,10,0,5000000,5000000,1000000
527,balanced,0,0.3,8.331447,120.48613,1096,1364,32508,10,0,2000000,2000000,2000000
528,attr0_narrow,0,1,6.117705,140.6674,1033,2461,7133,10,0,1000000,5000000,5000000
529,attr1_narrow,1,1,13.673167,204.4804,1049,4510,13738,10,0,5000000,1000000,5000000
530,attr2_narrow,2,1,14.231572,201.69222,1029,6593,19257,10,0,5000000,5000000,1000000
531,balanced,0,0.3,7.606598,139.69,1104,1326,31624,10,0,2000000,2000000,2000000
532,attr0_narrow,0,1,7.859606,143.83115,1028,4099,12263,10,0,1000000,5000000,5000000
533,attr1_narrow,1,1,14.195564,198.85565,1027,4596,14162,10,0,5000000,1000000,5000000
534,attr2_narrow,2,1,11.704017,204.3802,1025,2903,8860,10,0,5000000,5000000,1000000
535,balanced,0,0.2,8.879713,139.45912,1256,1594,37680,10,0,2000000,2000000,2000000
536,attr0_narrow,0,1,7.477013,133.86395,1026,5058,14963,10,0,1000000,5000000,5000000
537,attr1_narrow,1,1,13.893202,181.67046,1031,3564,10421,10,0,5000000,1000000,5000000
538,attr2_narrow,2,1,16.63432,206.5353,1039,4268,12598,10,0,5000000,5000000,1000000
539,balanced,0,0,11.815678,136.92947,1790,2165,52639,10,0,2000000,2000000,2000000
540,attr0_narrow,0,1,5.409558,154.1439,1028,3692,10675,10,0,1000000,5000000,5000000
541,attr1_narrow,1,1,14.412122,176.99338,1026,5584,16509,10,0,5000000,1000000,5000000
542,attr2_narrow,2,1,16.441977,216.90627,1044,3975,11782,10,0,5000000,5000000,1000000
543,balanced,0,0,8.395578,151.46298,1266,1475,35820,10,0,2000000,2000000,2000000
544,attr0_narrow,0,1,6.351457,137.45894,1032,4527,13759,10,0,1000000,5000000,5000000
545,attr1_narrow,1,1,17.601918,172.60624,1170,4438,13324,10,0,5000000,1000000,5000000
546,attr2_narrow,2,1,11.822952,196.5754,1028,3318,10314,10,0,5000000,5000000,1000000
547,balanced,0,0,7.731915,112.2519,1086,1313,31527,10,0,2000000,2000000,2000000
548,attr0_narrow,0,1,6.749859,173.79468,1032,5084,15429,10,0,1000000,5000000,5000000
549,attr1_narrow,1,0.9,11.694579,180.68294,1042,3528,10860,10,0,5000000,1000000,5000000
550,attr2_narrow,2,1,20.018783,195.57023,1031,3567,10645,10,0,5000000,5000000,1000000
551,balanced,0,0.4,9.996473,142.79575,1443,1761,40964,10,0,2000000,2000000,2000000
552,attr0_narrow,0,1,3.969568,170.61985,1037,2135,6174,10,0,1000000,5000000,5000000
553,attr1_narrow,1,1,14.975056,177.76431,1037,3611,10353,10,0,5000000,1000000,5000000
554,attr2_narrow,2,1,14.530516,204.21818,1027,3548,10705,10,0,5000000,5000000,1000000
555,balanced,0,0.2,9.902224,136.0616,1468,1757,41595,10,0,2000000,2000000,2000000
556,attr0_narrow,0,1,6.558418,180.39057,1030,4903,14872,10,0,1000000,5000000,5000000
557,attr1_narrow,1,1,12.566868,192.4242,1034,3491,10459,10,0,5000000,1000000,5000000
558,attr2_narrow,2,1,16.774575,198.50255,1032,4283,13060,10,0,5000000,5000000,1000000
559,balanced,0,0.4,8.159863,123.54831,1173,1343,31513,10,0,2000000,2000000,2000000
560,attr0_narrow,0,1,6.444002,129.57982,1026,4414,13215,10,0,1000000,5000000,5000000
561,attr1_narrow,1,1,12.189775,188.38494,1029,2880,8636,10,0,5000000,1000000,5000000
562,attr2_narrow,2,1,20.13338,204.09415,1037,5056,15097,10,0,5000000,5000000,1000000
563,balanced,0,0,12.835906,97.688992,1812,2186,51281,10,0,2000000,2000000,2000000
564,attr0_narrow,0,1,6.411892,173.49578,1026,4717,14625,10,0,1000000,5000000,5000000
565,attr1_narrow,1,1,14.639432,205.64746,1032,5253,15513,10,0,5000000,1000000,5000000
566,attr2_narrow,2,0.9,12.912761,206.15952,1030,4144,12464,10,0,5000000,5000000,1000000
567,balanced,0,0,0.116851,114.66498,7,7,324,7,1,2000000,2000000,2000000
568,attr0_narrow,0,1,8.265533,181.06611,1033,6262,18799,10,0,1000000,5000000,5000000
569,attr1_narrow,1,1,14.504127,182.72695,1026,5204,15558,10,0,5000000,1000000,5000000
570,attr2_narrow,2,0.9,18.372192,211.95804,1051,4711,14270,10,0,5000000,5000000,1000000
571,balanced,0,0,8.500517,133.91927,1270,1518,35786,10,0,2000000,2000000,2000000
572,attr0_narrow,0,1,6.346167,171.04241,1042,4514,13136,10,0,1000000,5000000,5000000
573,attr1_narrow,1,1,12.080799,198.98678,1032,3164,9484,10,0,5000000,1000000,5000000
574,attr2_narrow,2,0.9,11.976312,194.7133,1069,3236,9659,10,0,5000000,5000000,1000000
575,balanced,0,0,0.196531,105.6359,18,18,549,10,0,2000000,2000000,2000000
576,attr0_narrow,0,1,5.665622,140.18693,1032,3558,10262,10,0,1000000,5000000,5000000
577,attr1_narrow,1,1,10.774242,207.60249,1033,2320,7139,10,0,5000000,1000000,5000000
578,attr2_narrow,2,1,17.594123,201.74072,1029,4285,12512,10,0,5000000,5000000,1000000
579,balanced,0,0.2,10.266211,110.62776,1531,1846,44338,10,0,2000000,2000000,2000000
580,attr0_narrow,0,1,6.569358,170.29476,1028,4946,14949,10,0,1000000,5000000,5000000
581,attr1_narrow,1,1,20.07524,185.52809,1036,4529,13216,10,0,5000000,1000000,5000000
582,attr2_narrow,2,1,19.246875,199.40366,1030,6191,18966,10,0,5000000,5000000,1000000
583,balanced,0,0,0.075492,105.87718,6,6,195,6,1,2000000,2000000,2000000
584,attr0_narrow,0,1,5.023539,154.44165,1034,3198,9893,10,0,1000000,5000000,5000000
585,attr1_narrow,1,1,12.791612,195.83582,1062,3640,11080,10,0,5000000,1000000,5000000
586,attr2_narrow,2,1,16.488926,193.81971,1028,4130,12237,10,0,5000000,5000000,1000000
587,balanced,0,0,2.23436,98.672299,298,298,8227,10,0,2000000,2000000,2000000
588,attr0_narrow,0,1,4.853137,171.64405,1052,2634,7798,10,0,1000000,5000000,5000000
589,attr1_narrow,1,1,14.174785,183.70891,1029,5029,15198,10,0,5000000,1000000,5000000
590,attr2_narrow,2,1,20.68915,200.45648,1035,4255,12263,10,0,5000000,5000000,1000000
591,balanced,0,0.5,7.978901,126.06502,1147,1443,34157,10,0,2000000,2000000,2000000
592,attr0_narrow,0,1,5.134448,137.37465,1030,2804,8403,10,0,1000000,5000000,5000000
593,attr1_narrow,1,1,11.900438,197.84922,1049,3146,9548,10,0,5000000,1000000,5000000
594,attr2_narrow,2,1,18.962498,212.71533,1032,4431,12965,10,0,5000000,5000000,1000000
595,balanced,0,0,8.589775,115.97258,1224,1559,36329,10,0,2000000,2000000,2000000
596,attr0_narrow,0,1,7.153111,168.49578,1027,5002,14939,10,0,1000000,5000000,5000000
597,attr1_narrow,1,1,13.844641,180.79065,1044,4867,14502,10,0,5000000,1000000,5000000
598,attr2_narrow,2,1,12.957756,206.4404,1034,3446,10262,10,0,5000000,5000000,1000000
599,balanced,0,0.8,9.95798,130.53761,1389,1773,43620,10,0,2000000,2000000,2000000
600,attr0_narrow,0,1,4.94978,124.29264,1034,3146,9099,10,0,1000000,5000000,5000000
601,attr1_narrow,1,1,13.38909,181.27351,1030,4460,13532,10,0,5000000,1000000,5000000
602,attr2_narrow,2,1,16.343,210.91848,1035,3469,9780,10,0,5000000,5000000,1000000
603,balanced,0,0.1,8.306951,143.31774,1160,1478,33822,10,0,2000000,2000000,2000000
604,attr0_narrow,0,1,7.126531,129.37796,1029,5798,17067,10,0,1000000,5000000,5000000
605,attr1_narrow,1,1,14.826876,195.07,1030,4821,14434,10,0,5000000,1000000,5000000
606,attr2_narrow,2,0.9,19.455609,200.39159,1027,5604,16186,10,0,5000000,5000000,1000000
607,balanced,0,0.2,7.551804,135.41273,1025,1324,31744,10,0,2000000,2000000,2000000
608,attr0_narrow,0,1,6.530104,135.09916,1029,4671,13979,10,0,1000000,5000000,5000000
609,attr1_narrow,1,1,11.408109,187.89996,1032,2734,8390,10,0,5000000,1000000,5000000
610,attr2_narrow,2,1,18.110288,214.39745,1027,3998,12051,10,0,5000000,5000000,1000000
611,balanced,0,0.2,9.509783,86.338252,1206,1384,33192,10,0,2000000,2000000,2000000
612,attr0_narrow,0,1,5.943356,173.04292,1039,3840,11847,10,0,1000000,5000000,5000000
613,attr1_narrow,1,1,14.547117,202.83428,1029,5079,15043,10,0,5000000,1000000,5000000
614,attr2_narrow,2,1,18.33897,206.29973,1027,4275,12935,10,0,5000000,5000000,1000000
615,balanced,0,0.4,8.722506,97.25374,1180,1418,34339,10,0,2000000,2000000,2000000
616,attr0_narrow,0,1,9.05304,148.08616,1035,5805,17531,10,0,1000000,5000000,5000000
617,attr1_narrow,1,1,14.735684,196.45943,1027,5278,16179,10,0,5000000,1000000,5000000
618,attr2_narrow,2,1,14.107999,201.48525,1037,2244,6805,10,0,5000000,5000000,1000000
619,balanced,0,0,10.289946,107.68325,1444,1625,39805,10,0,2000000,2000000,2000000
620,attr0_narrow,0,1,6.005263,150.19715,1031,3633,11027,10,0,1000000,5000000,5000000
621,attr1_narrow,1,1,10.845446,183.56011,1026,2734,8055,10,0,5000000,1000000,5000000
622,attr2_narrow,2,1,18.58761,209.05865,1039,4326,13226,10,0,5000000,5000000,1000000
623,balanced,0,0,0.076314,95.632056,5,5,240,5,1,2000000,2000000,2000000
624,attr0_narrow,0,1,5.129699,177.41293,1030,3220,9782,10,0,1000000,5000000,5000000
625,attr1_narrow,1,1,14.500049,183.24803,1030,4669,13909,10,0,5000000,1000000,5000000
626,attr2_narrow,2,1,16.830561,214.60483,1031,3311,9916,10,0,5000000,5000000,1000000
627,balanced,0,0,7.384979,145.99133,1048,1310,30229,10,0,2000000,2000000,2000000
628,attr0_narrow,0,1,7.950668,119.72987,1032,3684,10757,10,0,1000000,5000000,5000000
629,attr1_narrow,1,1,13.918129,198.05755,1032,5402,16095,10,0,5000000,1000000,5000000
630,attr2_narrow,2,1,17.044084,193.96163,1033,3973,11847,10,0,5000000,5000000,1000000
631,balanced,0,0.2,12.766705,88.828977,1785,2010,48761,10,0,2000000,2000000,2000000
632,attr0_narrow,0,1,7.341137,149.51925,1030,3383,10018,10,0,1000000,5000000,5000000
633,attr1_narrow,1,1,11.152495,191.72571,1034,3147,9545,10,0,5000000,1000000,5000000
634,attr2_narrow,2,1,17.658024,213.17844,1025,4129,12199,10,0,5000000,5000000,1000000
635,balanced,0,0,0.728346,116.37403,110,110,2260,10,0,2000000,2000000,2000000
636,attr0_narrow,0,1,6.17815,172.21807,1030,3542,10652,10,0,1000000,5000000,5000000
637,attr1_narrow,1,1,14.611389,188.26296,1037,5750,17544,10,0,5000000,1000000,5000000
638,attr2_narrow,2,1,21.962053,198.81943,1045,4181,12229,10,0,5000000,5000000,1000000
639,balanced,0,0,7.97294,101.28766,1126,1422,32484,10,0,2000000,2000000,2000000
640,attr0_narrow,0,1,7.333852,120.9714,1036,3157,9393,10,0,1000000,5000000,5000000
641,attr1_narrow,1,1,13.478619,192.41067,1029,4661,14443,10,0,5000000,1000000,5000000
642,attr2_narrow,2,1,13.880929,216.34139,1032,1630,4741,10,0,5000000,5000000,1000000
643,balanced,0,0.2,8.504094,116.83358,1141,1442,34069,10,0,2000000,2000000,2000000
644,attr0_narrow,0,1,8.308063,138.94026,1035,4554,13821,10,0,1000000,5000000,5000000
645,attr1_narrow,1,1,9.855646,171.36658,1041,3487,10344,10,0,5000000,1000000,5000000
646,attr2_narrow,2,1,24.533691,210.04027,1061,5148,15836,10,0,5000000,5000000,1000000
647,balanced,0,0,0.170462,93.55856,13,13,436,10,0,2000000,2000000,2000000
648,attr0_narrow,0,1,7.293676,178.77481,1032,5703,17207,10,0,1000000,5000000,5000000
649,attr1_narrow,1,0.9,23.6386,173.16855,1029,5459,16442,10,0,5000000,1000000,5000000
650,attr2_narrow,2,1,21.031276,199.35718,1030,4435,13676,10,0,5000000,5000000,1000000
651,balanced,0,0,7.869504,94.666433,1051,1236,28992,10,0,2000000,2000000,2000000
652,attr0_narrow,0,0.9,5.529304,161.59043,1028,3775,11485,10,0,1000000,5000000,5000000
653,attr1_narrow,1,1,10.137919,181.35533,1031,2266,6792,10,0,5000000,1000000,5000000
654,attr2_narrow,2,1,18.987165,205.38191,1032,3439,10182,10,0,5000000,5000000,1000000
655,balanced,0,0,0.086664,126.8909,6,6,247,6,1,2000000,2000000,2000000
656,attr0_narrow,0,1,6.907567,166.04311,1031,4732,14293,10,0,1000000,5000000,5000000
657,attr1_narrow,1,1,13.343183,197.10755,1030,3283,9671,10,0,5000000,1000000,5000000
658,attr2_narrow,2,0.9,15.32674,201.80895,1035,1991,6088,10,0,5000000,5000000,1000000
659,balanced,0,0,0.536333,90.542423,60,60,1662,10,0,2000000,2000000,2000000
660,attr0_narrow,0,1,5.977141,177.60428,1036,4209,12463,10,0,1000000,5000000,5000000
661,attr1_narrow,1,1,15.230288,185.16904,1039,5367,16020,10,0,5000000,1000000,5000000
662,attr2_narrow,2,1,21.203982,207.14153,1031,4040,12411,10,0,5000000,5000000,1000000
663,balanced,0,0,0.245764,122.19293,22,22,779,10,0,2000000,2000000,2000000
664,attr0_narrow,0,1,5.899744,178.294,1027,3921,12003,10,0,1000000,5000000,5000000
665,attr1_narrow,1,1,14.345536,197.85327,1064,3688,10840,10,0,5000000,1000000,5000000
666,attr2_narrow,2,1,23.525848,207.15291,1026,5390,16024,10,0,5000000,5000000,1000000
667,balanced,0,0,0.270771,106.14893,28,28,803,10,0,2000000,2000000,2000000
668,attr0_narrow,0,1,4.945872,177.03044,1033,3024,9071,10,0,1000000,5000000,5000000
669,attr1_narrow,1,1,13.797091,183.94807,1032,3848,11526,10,0,5000000,1000000,5000000
670,attr2_narrow,2,1,19.29208,206.80753,1029,3221,9716,10,0,5000000,5000000,1000000
671,balanced,0,0,0.118744,83.772877,8,8,352,8,1,2000000,2000000,2000000
672,attr0_narrow,0,1,6.111945,130.9697,1036,4126,12227,10,0,1000000,5000000,5000000
673,attr1_narrow,1,1,12.098603,182.18041,1031,3511,10698,10,0,5000000,1000000,5000000
674,attr2_narrow,2,1,24.063854,208.12066,1028,5232,15473,10,0,5000000,5000000,1000000
675,balanced,0,0.3,7.426668,91.672438,1046,1203,29280,10,0,2000000,2000000,2000000
676,attr0_narrow,0,1,6.748647,161.81526,1027,4917,15041,10,0,1000000,5000000,5000000
677,attr1_narrow,1,1,16.477443,173.5345,1028,3906,11621,10,0,5000000,1000000,5000000
678,attr2_narrow,2,1,17.528168,205.82259,1032,3073,9162,10,0,5000000,5000000,1000000
679,balanced,0,0,7.844478,100.65508,1108,1265,30616,10,0,2000000,2000000,2000000
680,attr0_narrow,0,1,5.398167,135.12001,1032,3176,9825,10,0,1000000,5000000,5000000
681,attr1_narrow,1,1,12.318458,185.49461,1029,3025,9179,10,0,5000000,1000000,5000000
682,attr2_narrow,2,1,18.448377,200.22542,1026,3001,8772,10,0,5000000,5000000,1000000
683,balanced,0,0,0.085542,104.04101,5,5,238,5,1,2000000,2000000,2000000
684,attr0_narrow,0,1,8.781888,126.8228,1037,4540,13574,10,0,1000000,5000000,5000000
685,attr1_narrow,1,1,16.650751,183.60083,1028,4706,13867,10,0,5000000,1000000,5000000
686,attr2_narrow,2,1,20.727722,215.06723,1027,3717,11198,10,0,5000000,5000000,1000000
687,balanced,0,0.1,8.50217,124.9972,1131,1429,34468,10,0,2000000,2000000,2000000
688,attr0_narrow,0,1,7.152651,164.52587,1032,5245,15890,10,0,1000000,5000000,5000000
689,attr1_narrow,1,1,12.764851,197.45569,1028,3425,10156,10,0,5000000,1000000,5000000
690,attr2_narrow,2,1,19.830057,200.86069,1045,3330,9907,10,0,5000000,5000000,1000000
691,balanced,0,0.3,8.087376,122.03254,1103,1423,34053,10,0,2000000,2000000,2000000
692,attr0_narrow,0,1,7.406089,140.03179,1029,3711,11030,10,0,1000000,5000000,5000000
693,attr1_narrow,1,1,13.222285,183.66055,1030,3608,10842,10,0,5000000,1000000,5000000
694,attr2_narrow,2,1,22.180236,206.38956,1030,5114,15259,10,0,5000000,5000000,1000000
695,balanced,0,0,7.465311,138.85707,1083,1266,30038,10,0,2000000,2000000,2000000
696,attr0_narrow,0,0.9,7.620945,142.00677,1031,6082,18414,10,0,1000000,5000000,5000000
697,attr1_narrow,1,1,11.10183,181.13729,1027,2968,8692,10,0,5000000,1000000,5000000
698,attr2_narrow,2,1,19.389234,210.75082,1036,3703,11081,10,0,5000000,5000000,1000000
699,balanced,0,0,7.68142,105.87089,1059,1366,32965,10,0,2000000,2000000,2000000
700,attr0_narrow,0,1,6.288468,178.16211,1029,4882,14691,10,0,1000000,5000000,5000000
701,attr1_narrow,1,1,12.705759,192.1462,1043,4297,12672,10,0,5000000,1000000,5000000
702,attr2_narrow,2,1,23.209199,216.48484,1056,4815,14811,10,0,5000000,5000000,1000000
703,balanced,0,0.2,7.866879,96.428341,1162,1393,31800,10,0,2000000,2000000,2000000
704,attr0_narrow,0,1,7.351476,177.45339,1033,5872,17546,10,0,1000000,5000000,5000000
705,attr1_narrow,1,1,11.792043,176.05845,1039,3426,10358,10,0,5000000,1000000,5000000
706,attr2_narrow,2,1,15.846201,211.58052,1031,2221,6704,10,0,5000000,5000000,1000000
707,balanced,0,0,9.033243,111.95572,1160,1529,36713,10,0,2000000,2000000,2000000
708,attr0_narrow,0,1,7.725322,184.27142,1040,5787,17639,10,0,1000000,5000000,5000000
709,attr1_narrow,1,1,14.845962,189.30866,1032,5148,15557,10,0,5000000,1000000,5000000
710,attr2_narrow,2,1,21.431772,203.20932,1029,4762,14268,10,0,5000000,5000000,1000000
711,balanced,0,0.1,13.816608,107.1377,1472,1815,43873,10,0,2000000,2000000,2000000
712,attr0_narrow,0,1,5.742517,125.84527,1029,3786,11445,10,0,1000000,5000000,5000000
713,attr1_narrow,1,1,15.128686,181.00402,1041,3630,10490,10,0,5000000,1000000,5000000
714,attr2_narrow,2,1,19.303932,209.68736,1033,3425,10392,10,0,5000000,5000000,1000000
715,balanced,0,0.1,8.534792,93.958415,1181,1487,33532,10,0,2000000,2000000,2000000
716,attr0_narrow,0,1,6.181857,167.13709,1033,4245,12445,10,0,1000000,5000000,5000000
717,attr1_narrow,1,1,15.5279,210.04668,1030,3723,11249,10,0,5000000,1000000,5000000
718,attr2_narrow,2,1,24.508493,255.86125,1032,4165,12668,10,0,5000000,5000000,1000000
719,balanced,0,0,9.562843,105.64914,1198,1307,32212,10,0,2000000,2000000,2000000
720,attr0_narrow,0,1,5.133406,188.60324,1039,2587,7892,10,0,1000000,5000000,5000000
721,attr1_narrow,1,1,13.789165,213.03547,1032,3096,9218,10,0,5000000,1000000,5000000
722,attr2_narrow,2,1,14.306113,210.82534,1035,1726,5193,10,0,5000000,5000000,1000000
723,balanced,0,0,0.207653,109.1814,18,18,573,10,0,2000000,2000000,2000000
724,attr0_narrow,0,1,6.576182,144.84028,1029,4938,14949,10,0,1000000,5000000,5000000
725,attr1_narrow,1,1,13.155349,186.18944,1032,4170,12648,10,0,5000000,1000000,5000000
726,attr2_narrow,2,0.9,17.731462,207.06516,1027,3106,9410,10,0,5000000,5000000,1000000
727,balanced,0,0.3,9.581859,130.5033,1222,1634,39523,10,0,2000000,2000000,2000000
728,attr0_narrow,0,1,6.305029,185.37667,1028,4495,13630,10,0,1000000,5000000,5000000
729,attr1_narrow,1,1,14.13547,192.39004,1030,4556,13578,10,0,5000000,1000000,5000000
730,attr2_narrow,2,1,18.920067,220.41651,1057,2809,8710,10,0,5000000,5000000,1000000
731,balanced,0,0,0.225706,95.409897,20,20,652,10,0,2000000,2000000,2000000
732,attr0_narrow,0,1,7.287385,178.45621,1038,5662,17010,10,0,1000000,5000000,5000000
733,attr1_narrow,1,1,19.401316,197.6376,1028,5584,17021,10,0,5000000,1000000,5000000
734,attr2_narrow,2,1,24.504406,224.0294,1027,5157,15031,10,0,5000000,5000000,1000000
735,balanced,0,0,7.758264,101.26489,1088,1207,30201,10,0,2000000,2000000,2000000
736,attr0_narrow,0,1,7.575239,171.12022,1042,5859,18301,10,0,1000000,5000000,5000000
737,attr1_narrow,1,1,14.003772,213.2154,1036,3664,11108,10,0,5000000,1000000,5000000
738,attr2_narrow,2,1,21.646928,217.97955,1029,4207,12913,10,0,5000000,5000000,1000000
739,balanced,0,0.1,8.220177,123.59336,1109,1463,33629,10,0,2000000,2000000,2000000
740,attr0_narrow,0,1,4.960991,150.50417,1038,2848,8607,10,0,1000000,5000000,5000000
741,attr1_narrow,1,1,14.229387,213.03591,1031,4569,13762,10,0,5000000,1000000,5000000
742,attr2_narrow,2,1,23.269563,226.21551,1036,4033,11673,10,0,5000000,5000000,1000000
743,balanced,0,0.1,9.177295,115.82022,1063,1221,30302,10,0,2000000,2000000,2000000
744,attr0_narrow,0,1,6.431428,213.09438,1033,3457,10412,10,0,1000000,5000000,5000000
745,attr1_narrow,1,1,12.429367,231.13558,1031,2906,8527,10,0,5000000,1000000,5000000
746,attr2_narrow,2,1,23.18859,248.40089,1033,3681,11385,10,0,5000000,5000000,1000000
747,balanced,0,0,0.166565,141.36924,12,12,413,10,0,2000000,2000000,2000000
748,attr0_narrow,0,1,6.16252,212.78375,1034,3288,10051,10,0,1000000,5000000,5000000
749,attr1_narrow,1,1,21.687074,231.59228,1030,5786,17416,10,0,5000000,1000000,5000000
750,attr2_narrow,2,1,22.531489,255.00138,1038,3545,10506,10,0,5000000,5000000,1000000
751,balanced,0,0.2,8.582461,132.27811,1068,1420,32953,10,0,2000000,2000000,2000000
752,attr0_narrow,0,1,7.355543,189.59774,1921,3115,9382,10,0,1000000,5000000,5000000
753,attr1_narrow,1,1,13.812711,225.26225,1032,3077,9209,10,0,5000000,1000000,5000000
754,attr2_narrow,2,1,19.78447,245.37015,1028,2181,6535,10,0,5000000,5000000,1000000
755,balanced,0,0,0.078208,107.88053,5,5,231,5,1,2000000,2000000,2000000
756,attr0_narrow,0,1,7.424123,214.99742,1034,4107,12287,10,0,1000000,5000000,5000000
757,attr1_narrow,1,1,15.507361,226.39222,1031,5096,15457,10,0,5000000,1000000,5000000
758,attr2_narrow,2,1,18.309825,230.52581,1032,2641,8001,10,0,5000000,5000000,1000000
759,balanced,0,0,9.056967,127.92007,1114,1411,34245,10,0,2000000,2000000,2000000
760,attr0_narrow,0,1,4.899775,165.25199,1040,2764,8282,10,0,1000000,5000000,5000000
761,attr1_narrow,1,1,16.039556,215.78013,1030,3782,11287,10,0,5000000,1000000,5000000
762,attr2_narrow,2,1,19.929515,242.1127,1028,3497,10505,10,0,5000000,5000000,1000000
763,balanced,0,0,9.011422,101.80655,1142,1279,31529,10,0,2000000,2000000,2000000
764,attr0_narrow,0,1,8.551432,202.53351,1039,5640,16918,10,0,1000000,5000000,5000000
765,attr1_narrow,1,1,13.620748,228.88927,1033,3628,10971,10,0,5000000,1000000,5000000
766,attr2_narrow,2,1,25.600305,242.87713,1037,4572,13639,10,0,5000000,5000000,1000000
767,balanced,0,0.3,8.569877,145.19449,1026,1222,29951,10,0,2000000,2000000,2000000
768,attr0_narrow,0,1,7.654078,173.14327,1030,4744,14870,10,0,1000000,5000000,5000000
769,attr1_narrow,1,1,14.858836,238.32355,1026,3979,12091,10,0,5000000,1000000,5000000
770,attr2_narrow,2,1,20.307789,234.01845,1029,3568,10689,10,0,5000000,5000000,1000000
771,balanced,0,0.9,8.434662,143.02699,1055,1314,29939,10,0,2000000,2000000,2000000
772,attr0_narrow,0,0.9,7.694403,183.04427,1032,3552,10964,10,0,1000000,5000000,5000000
773,attr1_narrow,1,1,18.833373,215.22788,1033,4136,12394,10,0,5000000,1000000,5000000
774,attr2_narrow,2,0.9,18.309544,239.77941,1031,2811,8581,10,0,5000000,5000000,1000000
775,balanced,0,0.1,10.215686,116.01184,1232,1578,36718,10,0,2000000,2000000,2000000
776,attr0_narrow,0,0.9,8.109998,198.24633,1032,5766,17058,10,0,1000000,5000000,5000000
777,attr1_narrow,1,0.9,17.212613,223.49365,1031,5787,17131,10,0,5000000,1000000,5000000
778,attr2_narrow,2,1,23.867642,234.95637,1035,4289,12773,10,0,5000000,5000000,1000000
779,balanced,0,0.3,8.80406,160.06107,1085,1467,34832,10,0,2000000,2000000,2000000
780,attr0_narrow,0,1,5.552638,206.03274,1029,2560,7842,10,0,1000000,5000000,5000000
781,attr1_narrow,1,1,16.121061,226.44538,1034,3456,10456,10,0,5000000,1000000,5000000
782,attr2_narrow,2,0.9,20.350389,246.87823,1035,3615,10645,10,0,5000000,5000000,1000000
783,balanced,0,0,0.071916,109.05841,3,3,191,3,1,2000000,2000000,2000000
784,attr0_narrow,0,1,6.848386,196.15483,1025,4141,12260,10,0,1000000,5000000,5000000
785,attr1_narrow,1,1,18.314624,240.11835,1033,4346,12943,10,0,5000000,1000000,5000000
786,attr2_narrow,2,1,28.86936,248.43138,1030,5924,17644,10,0,5000000,5000000,1000000
787,balanced,0,0,10.495214,164.73559,1218,1539,37709,10,0,2000000,2000000,2000000
788,attr0_narrow,0,1,5.06116,225.68067,1036,2366,6757,10,0,1000000,5000000,5000000
789,attr1_narrow,1,1,17.278618,236.93552,1037,4574,13411,10,0,5000000,1000000,5000000
790,attr2_narrow,2,1,23.659831,246.66474,1026,4325,12733,10,0,5000000,5000000,1000000
791,balanced,0,0,8.069091,125.77174,1075,1349,32257,10,0,2000000,2000000,2000000
792,attr0_narrow,0,1,8.489285,178.80687,1038,5336,15869,10,0,1000000,5000000,5000000
793,attr1_narrow,1,1,14.200654,262.69966,1040,3237,10160,10,0,5000000,1000000,5000000
794,attr2_narrow,2,1,29.597806,289.03613,1046,4843,14759,10,0,5000000,5000000,1000000
795,balanced,0,0,0.092425,117.92909,4,4,119,4,1,2000000,2000000,2000000
796,attr0_narrow,0,1,6.663126,229.6145,1030,3183,9472,10,0,1000000,5000000,5000000
797,attr1_narrow,1,1,17.787508,261.27846,1034,4206,12472,10,0,5000000,1000000,5000000
798,attr2_narrow,2,1,29.492788,279.58988,1035,3649,11248,10,0,5000000,5000000,1000000
799,balanced,0,0.2,9.927652,144.85101,1092,1443,33968,10,0,2000000,2000000,2000000
800,attr0_narrow,0,1,5.905314,231.05333,1034,2318,6709,10,0,1000000,5000000,5000000
801,attr1_narrow,1,1,21.125012,273.09671,1029,5413,16730,10,0,5000000,1000000,5000000
802,attr2_narrow,2,1,28.229672,271.9206,1032,4794,14466,10,0,5000000,5000000,1000000
803,balanced,0,0.1,9.739105,160.90761,1045,1302,31237,10,0,2000000,2000000,2000000
804,attr0_narrow,0,1,7.665209,275.31383,1037,3358,9887,10,0,1000000,5000000,5000000
805,attr1_narrow,1,1,15.662193,244.18698,1036,4122,12778,10,0,5000000,1000000,5000000
806,attr2_narrow,2,1,22.660142,221.42457,1040,4818,14712,10,0,5000000,5000000,1000000
807,balanced,0,0.4,9.161786,102.50185,1303,1508,35569,10,0,2000000,2000000,2000000
808,attr0_narrow,0,1,7.277817,154.95512,1026,4025,11824,10,0,1000000,5000000,5000000
809,attr1_narrow,1,1,13.535297,198.26691,1028,2905,9000,10,0,5000000,1000000,5000000
810,attr2_narrow,2,1,15.419376,218.43563,1034,1971,6050,10,0,5000000,5000000,1000000
811,balanced,0,0,0.155253,105.79879,13,13,382,10,0,2000000,2000000,2000000
812,attr0_narrow,0,1,5.723271,187.94413,1033,3634,10919,10,0,1000000,5000000,5000000
813,attr1_narrow,1,1,13.796159,204.69589,1041,2809,8364,10,0,5000000,1000000,5000000
814,attr2_narrow,2,1,17.733937,225.49632,1042,3041,9283,10,0,5000000,5000000,1000000
815,balanced,0,0.4,11.727482,146.45282,1646,2013,48731,10,0,2000000,2000000,2000000
816,attr0_narrow,0,1,7.064564,149.29765,1026,3592,10763,10,0,1000000,5000000,5000000
817,attr1_narrow,1,1,14.889915,206.20131,1030,4519,13335,10,0,5000000,1000000,5000000
818,attr2_narrow,2,1,23.849408,242.18859,1027,5346,15754,10,0,5000000,5000000,1000000
819,balanced,0,0,0.080903,88.3121,6,6,225,6,1,2000000,2000000,2000000
820,attr0_narrow,0,1,5.088181,140.75844,1030,3068,9242,10,0,1000000,5000000,5000000
821,attr1_narrow,1,1,13.480663,209.30359,1032,3434,10697,10,0,5000000,1000000,5000000
822,attr2_narrow,2,1,20.65263,236.40556,1030,4723,13815,10,0,5000000,5000000,1000000
823,balanced,0,0,0.245944,93.259265,24,24,752,10,0,2000000,2000000,2000000
824,attr0_narrow,0,1,7.368508,143.06466,1044,5580,16446,10,0,1000000,5000000,5000000
825,attr1_narrow,1,1,14.904693,187.55471,1029,3957,11666,10,0,5000000,1000000,5000000
826,attr2_narrow,2,1,18.906502,227.66773,1027,3686,10931,10,0,5000000,5000000,1000000
827,balanced,0,0,0.231588,149.26639,19,19,749,10,0,2000000,2000000,2000000
828,attr0_narrow,0,1,6.436698,155.23863,1026,4761,14210,10,0,1000000,5000000,5000000
829,attr1_narrow,1,1,11.148208,170.13837,1099,3002,8616,10,0,5000000,1000000,5000000
830,attr2_narrow,2,0.9,17.225257,220.0429,1045,3569,10751,10,0,5000000,5000000,1000000
831,balanced,0,0,0.109577,139.9676,7,7,355,7,1,2000000,2000000,2000000
832,attr0_narrow,0,1,8.232921,142.98857,1031,5083,15271,10,0,1000000,5000000,5000000
833,attr1_narrow,1,1,16.069914,185.27472,1028,4572,13597,10,0,5000000,1000000,5000000
834,attr2_narrow,2,0.9,37.118913,191.21545,1030,2349,7165,10,0,5000000,5000000,1000000
835,balanced,0,0.3,7.99429,140.44836,1168,1393,33957,10,0,2000000,2000000,2000000
836,attr0_narrow,0,1,4.481475,147.86581,1035,2689,7896,10,0,1000000,5000000,5000000
837,attr1_narrow,1,1,11.825296,172.19278,1037,3918,11764,10,0,5000000,1000000,5000000
838,attr2_narrow,2,1,19.695442,195.21933,1032,4025,11900,10,0,5000000,5000000,1000000
839,balanced,0,0,7.785145,139.99904,1087,1339,32335,10,0,2000000,2000000,2000000
840,attr0_narrow,0,1,6.312524,146.16562,1030,4412,13406,10,0,1000000,5000000,5000000
841,attr1_narrow,1,1,11.101349,187.85919,1031,2310,6939,10,0,5000000,1000000,5000000
842,attr2_narrow,2,1,22.279182,205.05024,1033,5189,16145,10,0,5000000,5000000,1000000
843,balanced,0,0,0.331195,88.285129,37,37,887,10,0,2000000,2000000,2000000
844,attr0_narrow,0,1,6.858665,169.69146,1034,4610,13571,10,0,1000000,5000000,5000000
845,attr1_narrow,1,0.9,15.794213,185.19611,1136,5544,16281,10,0,5000000,1000000,5000000
846,attr2_narrow,2,1,17.159101,205.92592,1037,2932,8930,10,0,5000000,5000000,1000000
847,balanced,0,0.1,7.912777,109.96302,1097,1429,34508,10,0,2000000,2000000,2000000
848,attr0_narrow,0,1,6.507572,167.62775,1046,3864,11692,10,0,1000000,5000000,5000000
849,attr1_narrow,1,1,16.367055,186.31657,1029,4642,13986,10,0,5000000,1000000,5000000
850,attr2_narrow,2,1,18.720841,192.57031,1028,4146,12423,10,0,5000000,5000000,1000000
851,balanced,0,0,8.318883,97.361092,1166,1351,32922,10,0,2000000,2000000,2000000
852,attr0_narrow,0,1,6.154074,167.53996,1028,4372,13029,10,0,1000000,5000000,5000000
853,attr1_narrow,1,1,12.814976,186.18947,1031,3987,12172,10,0,5000000,1000000,5000000
854,attr2_narrow,2,1,16.611598,202.07071,1031,2469,7594,10,0,5000000,5000000,1000000
855,balanced,0,0,7.917265,155.92771,1037,1381,33864,10,0,2000000,2000000,2000000
856,attr0_narrow,0,1,6.244726,150.91361,1027,4128,12326,10,0,1000000,5000000,5000000
857,attr1_narrow,1,1,12.798204,195.42385,1028,2861,9020,10,0,5000000,1000000,5000000
858,attr2_narrow,2,0.9,15.653638,194.61334,1039,2337,6906,10,0,5000000,5000000,1000000
859,balanced,0,0.4,8.50766,90.264498,1110,1382,32254,10,0,2000000,2000000,2000000
860,attr0_narrow,0,1,5.678927,165.87208,1028,3911,11886,10,0,1000000,5000000,5000000
861,attr1_narrow,1,1,18.254571,169.09319,1029,4892,14493,10,0,5000000,1000000,5000000
862,attr2_narrow,2,1,13.623533,197.95717,1029,2920,8898,10,0,5000000,5000000,1000000
863,balanced,0,0.1,8.897286,139.44499,1331,1582,37545,10,0,2000000,2000000,2000000
864,attr0_narrow,0,1,6.089623,197.04613,1033,4760,14277,10,0,1000000,5000000,5000000
865,attr1_narrow,1,1,13.930773,191.53766,1030,3655,10910,10,0,5000000,1000000,5000000
866,attr2_narrow,2,1,17.218183,194.60118,1058,3598,11149,10,0,5000000,5000000,1000000
867,balanced,0,0,6.809282,127.51157,1036,1261,29833,10,0,2000000,2000000,2000000
868,attr0_narrow,0,1,8.384277,125.1916,1027,4841,14848,10,0,1000000,5000000,5000000
869,attr1_narrow,1,1,15.444042,204.2116,1030,4279,12312,10,0,5000000,1000000,5000000
870,attr2_narrow,2,1,22.399821,202.80079,1034,5559,16870,10,0,5000000,5000000,1000000
871,balanced,0,0,8.0366,129.04497,1060,1383,32767,10,0,2000000,2000000,2000000
872,attr0_narrow,0,1,6.860148,135.13479,1045,4835,14570,10,0,1000000,5000000,5000000
873,attr1_narrow,1,1,14.56379,200.07849,1034,2701,8299,10,0,5000000,1000000,5000000
874,attr2_narrow,2,1,19.27628,198.44887,1033,4817,14267,10,0,5000000,5000000,1000000
875,balanced,0,0.2,8.898788,108.09773,1272,1558,37678,10,0,2000000,2000000,2000000
876,attr0_narrow,0,1,6.965267,151.39702,1030,4964,14307,10,0,1000000,5000000,5000000
877,attr1_narrow,1,1,12.349567,192.88803,1029,3285,9975,10,0,5000000,1000000,5000000
878,attr2_narrow,2,1,20.738052,229.2119,1032,4253,12678,10,0,5000000,5000000,1000000
879,balanced,0,0.1,10.373324,128.35616,1488,1886,44975,10,0,2000000,2000000,2000000
880,attr0_narrow,0,1,6.424535,170.54832,1034,4549,13972,10,0,1000000,5000000,5000000
881,attr1_narrow,1,1,15.241238,171.18796,1039,3223,9623,10,0,5000000,1000000,5000000
882,attr2_narrow,2,1,20.812883,204.07461,1038,4263,12797,10,0,5000000,5000000,1000000
883,balanced,0,0.2,7.944947,141.03296,1084,1359,33461,10,0,2000000,2000000,2000000
884,attr0_narrow,0,1,5.006166,144.8935,1031,2233,6648,10,0,1000000,5000000,5000000
885,attr1_narrow,1,1,14.068564,179.29933,1027,4954,14763,10,0,5000000,1000000,5000000
886,attr2_narrow,2,1,17.430784,198.92149,1039,3581,10859,10,0,5000000,5000000,1000000
887,balanced,0,0,0.103326,95.537628,7,7,291,7,1,2000000,2000000,2000000
888,attr0_narrow,0,1,5.882111,181.95926,1027,4284,12766,10,0,1000000,5000000,5000000
889,attr1_narrow,1,1,14.146291,196.03478,1029,4738,13900,10,0,5000000,1000000,5000000
890,attr2_narrow,2,1,19.868209,198.56852,1029,4503,13291,10,0,5000000,5000000,1000000
891,balanced,0,0,0.139173,94.05633,14,14,373,10,0,2000000,2000000,2000000
892,attr0_narrow,0,1,4.97692,134.78351,1031,3149,9051,10,0,1000000,5000000,5000000
893,attr1_narrow,1,1,10.64689,216.90719,1039,2161,6450,10,0,5000000,1000000,5000000
894,attr2_narrow,2,1,17.24835,196.20997,1030,3861,11914,10,0,5000000,5000000,1000000
895,balanced,0,0.2,7.813148,106.09951,1078,1296,32722,10,0,2000000,2000000,2000000
896,attr0_narrow,0,0.8,4.297297,147.61141,1043,2230,6741,10,0,1000000,5000000,5000000
897,attr1_narrow,1,1,11.714978,189.24498,1028,2820,8052,10,0,5000000,1000000,5000000
898,attr2_narrow,2,1,22.322645,234.44119,1031,5120,15087,10,0,5000000,5000000,1000000
899,balanced,0,0.7,7.578666,91.298451,1074,1322,30329,10,0,2000000,2000000,2000000
900,attr0_narrow,0,1,6.129638,162.47534,1033,4043,12410,10,0,1000000,5000000,5000000
901,attr1_narrow,1,1,13.32004,192.38449,1030,4249,12870,10,0,5000000,1000000,5000000
902,attr2_narrow,2,1,24.839038,215.00916,1030,6034,17277,10,0,5000000,5000000,1000000
903,balanced,0,0.4,9.617175,109.43358,1358,1573,38316,10,0,2000000,2000000,2000000
904,attr0_narrow,0,1,5.545074,191.60999,1034,3668,11022,10,0,1000000,5000000,5000000
905,attr1_narrow,1,1,11.466609,216.59278,1030,2932,8902,10,0,5000000,1000000,5000000
906,attr2_narrow,2,1,21.490353,239.46784,1031,4584,13380,10,0,5000000,5000000,1000000
907,balanced,0,0,0.081063,156.53171,5,5,260,5,1,2000000,2000000,2000000
908,attr0_narrow,0,1,6.232312,201.75277,1028,4315,12844,10,0,1000000,5000000,5000000
909,attr1_narrow,1,1,18.23835,253.93284,1029,4066,11946,10,0,5000000,1000000,5000000
910,attr2_narrow,2,1,33.805615,253.90095,1029,4697,13748,10,0,5000000,5000000,1000000
911,balanced,0,0.3,9.524861,124.84146,1203,1432,34438,10,0,2000000,2000000,2000000
912,attr0_narrow,0,0.9,7.833637,207.23623,1032,4854,14431,10,0,1000000,5000000,5000000
913,attr1_narrow,1,1,16.253981,261.7444,1034,4640,13620,10,0,5000000,1000000,5000000
914,attr2_narrow,2,1,18.288815,248.96135,1028,4048,11935,10,0,5000000,5000000,1000000
915,balanced,0,0.9,7.694644,144.49026,1109,1290,29580,10,0,2000000,2000000,2000000
916,attr0_narrow,0,1,4.602323,184.07635,1038,2640,7731,10,0,1000000,5000000,5000000
917,attr1_narrow,1,1,15.555583,239.10531,1031,4915,15151,10,0,5000000,1000000,5000000
918,attr2_narrow,2,1,21.974377,250.90118,1027,5161,15834,10,0,5000000,5000000,1000000
919,balanced,0,0.2,10.00621,164.59078,1353,1681,39396,10,0,2000000,2000000,2000000
920,attr0_narrow,0,1,5.109892,200.44697,1028,3224,9784,10,0,1000000,5000000,5000000
921,attr1_narrow,1,1,15.354041,222.37278,1034,3532,10622,10,0,5000000,1000000,5000000
922,attr2_narrow,2,1,21.546308,216.72396,1038,5663,17369,10,0,5000000,5000000,1000000
923,balanced,0,0,7.568335,129.8248,1052,1313,31686,10,0,2000000,2000000,2000000
924,attr0_narrow,0,1,8.386581,152.8098,1044,5590,16553,10,0,1000000,5000000,5000000
925,attr1_narrow,1,1,14.661213,189.98526,1034,5504,16351,10,0,5000000,1000000,5000000
926,attr2_narrow,2,1,25.04135,220.45469,1032,4297,13087,10,0,5000000,5000000,1000000
927,balanced,0,0.4,8.800443,149.09051,1170,1431,34027,10,0,2000000,2000000,2000000
928,attr0_narrow,0,1,7.180813,180.36484,1029,3053,9556,10,0,1000000,5000000,5000000
929,attr1_narrow,1,1,24.234836,217.60887,1028,5345,16131,10,0,5000000,1000000,5000000
930,attr2_narrow,2,1,30.152434,234.75817,1041,4314,12973,10,0,5000000,5000000,1000000
931,balanced,0,0,0.139904,119.72915,9,9,305,9,1,2000000,2000000,2000000
932,attr0_narrow,0,1,6.370403,179.88683,1035,3395,10270,10,0,1000000,5000000,5000000
933,attr1_narrow,1,1,19.357003,198.11306,1027,5606,16097,10,0,5000000,1000000,5000000
934,attr2_narrow,2,1,24.389399,231.05915,1046,4067,12086,10,0,5000000,5000000,1000000
935,balanced,0,0,9.785864,156.27742,1033,1280,32537,10,0,2000000,2000000,2000000
936,attr0_narrow,0,1,9.047189,131.73652,1028,3504,10477,10,0,1000000,5000000,5000000
937,attr1_narrow,1,1,20.985849,214.318,1038,4316,12941,10,0,5000000,1000000,5000000
938,attr2_narrow,2,0.9,23.276867,254.7152,1034,4256,12376,10,0,5000000,5000000,1000000
939,balanced,0,0.6,14.924992,158.2126,1093,1545,35354,10,0,2000000,2000000,2000000
940,attr0_narrow,0,1,14.017647,207.36368,1032,4044,11933,10,0,1000000,5000000,5000000
941,attr1_narrow,1,1,28.039784,192.52094,1030,1596,4639,10,0,5000000,1000000,5000000
942,attr2_narrow,2,1,33.368609,224.78788,1044,4208,12749,10,0,5000000,5000000,1000000
943,balanced,0,0.2,12.265207,106.73337,1049,1171,28474,10,0,2000000,2000000,2000000
944,attr0_narrow,0,1,6.30009,191.75048,1041,3572,10656,10,0,1000000,5000000,5000000
945,attr1_narrow,1,1,21.947335,206.74208,1033,2905,8576,10,0,5000000,1000000,5000000
946,attr2_narrow,2,1,26.655229,228.17336,1033,4184,12698,10,0,5000000,5000000,1000000
947,balanced,0,0,0.257176,97.642024,14,14,462,10,0,2000000,2000000,2000000
948,attr0_narrow,0,1,11.778057,176.94978,1029,4816,14613,10,0,1000000,5000000,5000000
949,attr1_narrow,1,1,22.322204,225.47812,1029,5472,16685,10,0,5000000,1000000,5000000
950,attr2_narrow,2,1,29.805318,229.14268,1029,5360,15567,10,0,5000000,5000000,1000000
951,balanced,0,0.5,9.072777,139.56564,1096,1376,33315,10,0,2000000,2000000,2000000
952,attr0_narrow,0,1,8.807697,141.54104,1035,2947,8454,10,0,1000000,5000000,5000000
953,attr1_narrow,1,1,17.718799,193.6543,1027,2533,7488,10,0,5000000,1000000,5000000
954,attr2_narrow,2,1,31.95029,250.96024,1030,3696,10954,10,0,5000000,5000000,1000000
955,balanced,0,0.1,9.780995,134.44987,1033,1357,32211,10,0,2000000,2000000,2000000
956,attr0_narrow,0,1,19.661138,153.29334,1029,3821,11568,10,0,1000000,5000000,5000000
957,attr1_narrow,1,0.9,27.074069,194.32799,1036,4305,12850,10,0,5000000,1000000,5000000
958,attr2_narrow,2,1,28.308161,215.71341,1039,2563,7476,10,0,5000000,5000000,1000000
959,balanced,0,0,0.193416,102.46978,8,8,274,8,1,2000000,2000000,2000000
960,attr0_narrow,0,1,11.381709,135.38778,1029,4557,13804,10,0,1000000,5000000,5000000
961,attr1_narrow,1,1,21.945091,203.20034,1034,5006,15313,10,0,5000000,1000000,5000000
962,attr2_narrow,2,1,19.497138,210.15729,1029,3097,9505,10,0,5000000,5000000,1000000
963,balanced,0,0,0.749286,120.62695,49,49,1398,10,0,2000000,2000000,2000000
964,attr0_narrow,0,1,6.291273,160.55056,1043,4071,12142,10,0,1000000,5000000,5000000
965,attr1_narrow,1,1,17.554037,192.30193,1030,5370,16069,10,0,5000000,1000000,5000000
966,attr2_narrow,2,1,30.418055,225.87413,1029,3986,11976,10,0,5000000,5000000,1000000
967,balanced,0,0,0.183337,121.25438,11,11,420,10,0,2000000,2000000,2000000
968,attr0_narrow,0,1,7.440615,222.42182,1027,4825,14536,10,0,1000000,5000000,5000000
969,attr1_narrow,1,0.9,14.518163,221.02241,1032,3372,10019,10,0,5000000,1000000,5000000
970,attr2_narrow,2,1,22.540616,237.58989,1026,3195,9663,10,0,5000000,5000000,1000000
971,balanced,0,0,0.251274,120.08841,18,18,654,10,0,2000000,2000000,2000000
972,attr0_narrow,0,1,6.02478,163.2168,1038,2995,8674,10,0,1000000,5000000,5000000
973,attr1_narrow,1,1,17.255062,221.07454,1038,3584,10640,10,0,5000000,1000000,5000000
974,attr2_narrow,2,1,21.141023,210.34772,1032,4204,12226,10,0,5000000,5000000,1000000
975,balanced,0,0.3,9.113585,146.56844,1027,1213,28634,10,0,2000000,2000000,2000000
976,attr0_narrow,0,1,10.669564,138.0602,1028,5312,16141,10,0,1000000,5000000,5000000
977,attr1_narrow,1,1,14.603704,199.49793,1038,3719,11528,10,0,5000000,1000000,5000000
978,attr2_narrow,2,1,22.541388,211.49508,1029,3763,11274,10,0,5000000,5000000,1000000
979,balanced,0,0.4,20.065491,123.82893,1159,1597,36261,10,0,2000000,2000000,2000000
980,attr0_narrow,0,1,9.8632,125.99319,1032,4708,14102,10,0,1000000,5000000,5000000
981,attr1_narrow,1,0.8,18.187143,197.59848,1029,4749,14383,10,0,5000000,1000000,5000000
982,attr2_narrow,2,1,20.209363,217.89434,1033,3201,9422,10,0,5000000,5000000,1000000
983,balanced,0,0,0.083557,120.11769,5,5,173,5,1,2000000,2000000,2000000
984,attr0_narrow,0,1,7.408995,163.75303,1033,5419,16156,10,0,1000000,5000000,5000000
985,attr1_narrow,1,1,15.182207,188.99598,1029,2588,7931,10,0,5000000,1000000,5000000
986,attr2_narrow,2,1,18.859874,221.74383,1038,2551,7623,10,0,5000000,5000000,1000000
987,balanced,0,0.1,8.411959,124.51105,1059,1276,30152,10,0,2000000,2000000,2000000
988,attr0_narrow,0,1,6.049106,173.9391,1034,4316,13187,10,0,1000000,5000000,5000000
989,attr1_narrow,1,1,20.432615,180.66339,1038,2805,8403,10,0,5000000,1000000,5000000
990,attr2_narrow,2,1,17.83577,205.08454,1034,2346,7198,10,0,5000000,5000000,1000000
991,balanced,0,0,0.150344,182.59977,8,8,311,8,1,2000000,2000000,2000000
992,attr0_narrow,0,0.8,4.897841,143.62655,1031,2295,7161,10,0,1000000,5000000,5000000
993,attr1_narrow,1,1,27.671859,254.36668,1043,4136,12741,10,0,5000000,1000000,5000000
994,attr2_narrow,2,1,23.26219,210.03947,1029,5021,15005,10,0,5000000,5000000,1000000
995,balanced,0,0.1,10.821601,151.01853,1312,1630,39590,10,0,2000000,2000000,2000000
996,attr0_narrow,0,1,6.758596,146.39432,1033,3856,11452,10,0,1000000,5000000,5000000
997,attr1_narrow,1,1,14.361367,231.59426,1030,4717,13988,10,0,5000000,1000000,5000000
998,attr2_narrow,2,1,18.970824,231.50429,1038,2160,6467,10,0,5000000,5000000,1000000
999,balanced,0,0,9.571279,164.17068,1133,1495,36505,10,0,2000000,2000000,2000000
