workload,method,ef,run,queries,recall,mean_ms,qps,p50_ms,p95_ms,insufficient,distance_evaluations
deep10m,DANA,1024,1,1000,0.9993000000000001,8.496951103999999,117.68927321815974,7.1800455,16.963880800000002,0,12689.844
deep10m,DANA,1024,2,1000,0.9993000000000001,6.647148675,150.44044430072867,6.137542,9.968103099999999,0,12689.844
deep10m,DANA,1024,3,1000,0.9993000000000001,6.425946136,155.61910710668926,6.25319,8.9704316,0,12689.844
deep10m,DANA,1024,4,1000,0.9993000000000001,6.635046893,150.71483534728353,6.3151575,9.29533355,0,12689.844
deep10m,DANA,1024,5,1000,0.9993000000000001,6.759580682,147.93817058251662,6.0549415,10.82024965,0,12689.844
deep10m,EMA-FTFix-V2,128,1,1000,0.999,19.594667488,51.03429290710912,14.093824,47.854722349999996,0,175152.027
deep10m,EMA-FTFix-V2,128,2,1000,0.999,19.961349445,50.096813482241004,14.3498525,48.61293455,0,175152.027
deep10m,EMA-FTFix-V2,128,3,1000,0.999,19.692699402000002,50.78023990446121,14.1308435,48.15609065,0,175152.027
deep10m,EMA-FTFix-V2,128,4,1000,0.999,19.670165872,50.83841216730539,14.130824,47.9397745,0,175152.027
deep10m,EMA-FTFix-V2,128,5,1000,0.999,20.077859893,49.80610509931104,14.468031499999999,48.724906999999995,0,175152.027
sift1m_sel10,DANA,512,1,1000,0.9996,2.296863632,435.3763044823203,2.3344745,2.75159155,0,7887.681
sift1m_sel10,DANA,512,2,1000,0.9996,2.593687017,385.55153086923127,2.6091335,3.2126398,0,7887.681
sift1m_sel10,DANA,512,3,1000,0.9996,2.520334429,396.7727411464092,2.512781,3.20647375,0,7887.681
sift1m_sel10,DANA,512,4,1000,0.9996,2.48292762,402.7503628962007,2.4904735000000002,3.0748761499999997,0,7887.681
sift1m_sel10,DANA,512,5,1000,0.9996,2.297681952,435.2212451029428,2.3304665,2.76044565,0,7887.681
sift1m_sel10,EMA-FTFix-V2,128,1,1000,1.0,3.3172251699999995,301.4567744884198,3.341241,4.20861635,0,31830.457
sift1m_sel10,EMA-FTFix-V2,128,2,1000,1.0,3.374058594,296.37896679633064,3.410552,4.2749062,0,31830.457
sift1m_sel10,EMA-FTFix-V2,128,3,1000,1.0,3.751809204,266.53807420000135,3.659502,5.368722749999999,0,31830.457
sift1m_sel10,EMA-FTFix-V2,128,4,1000,1.0,3.301586233,302.884713415874,3.3308910000000003,4.19306025,0,31830.457
sift1m_sel10,EMA-FTFix-V2,128,5,1000,1.0,3.3226823830000005,300.9616583024451,3.3605425,4.2289521500000005,0,31830.457
sift1m_sel1,DANA,1024,1,1000,0.9997999999999999,3.586294326,278.8393559196123,3.6421194999999997,4.31110055,0,11969.757
sift1m_sel1,DANA,1024,2,1000,0.9997999999999999,3.714858749,269.1892390980382,3.7673360000000002,4.48030205,0,11969.757
sift1m_sel1,DANA,1024,3,1000,0.9997999999999999,4.198595364,238.1748926258282,4.135651,5.59351005,0,11969.757
sift1m_sel1,DANA,1024,4,1000,0.9997999999999999,4.1426004,241.39427013042337,4.0685395,5.5905983,0,11969.757
sift1m_sel1,DANA,1024,5,1000,0.9997999999999999,4.2649589500000005,234.46884523941313,4.2363765,5.626623499999999,0,11969.757
sift1m_sel1,EMA-FTFix-V2,64,1,1000,0.9999,12.458899033999998,80.26391395186903,12.6208785,16.3629956,0,141809.544
sift1m_sel1,EMA-FTFix-V2,64,2,1000,0.9999,12.98613482,77.0052070043117,13.021495,17.7158791,0,141809.544
sift1m_sel1,EMA-FTFix-V2,64,3,1000,0.9999,12.573448595000002,79.5326749415163,12.725956,16.6007132,0,141809.544
sift1m_sel1,EMA-FTFix-V2,64,4,1000,0.9999,12.472558820999998,80.17600993921984,12.6687335,16.5305594,0,141809.544
sift1m_sel1,EMA-FTFix-V2,64,5,1000,0.9999,12.485303957,80.09416538388245,12.631959,16.5024224,0,141809.544
app_reviews_r95,DANA,2048,1,5000,0.9735599999999999,3.3309501118,300.2146434008325,3.6018875,5.29625605,17,6537.6718
app_reviews_r95,DANA,2048,2,5000,0.9735599999999999,3.5437935396,282.1834818607614,3.8183965,5.726365600000001,17,6537.6718
app_reviews_r95,DANA,2048,3,5000,0.9735599999999999,3.7859169334000007,264.1368042647293,3.983844,6.1853203500000005,17,6537.6718
app_reviews_r95,DANA,2048,4,5000,0.9735599999999999,4.0244601704,248.48053096786091,3.990066,7.1064682,17,6537.6718
app_reviews_r95,DANA,2048,5,5000,0.9735599999999999,3.982415122,251.10390789642045,4.126924499999999,6.689416950000001,17,6537.6718
app_reviews_r95,EMA-FTFix-V2,16,1,5000,0.9577200000000001,7.8897444530000005,126.74681746121188,1.7327825,37.093521300000006,0,64638.419
app_reviews_r95,EMA-FTFix-V2,16,2,5000,0.9577200000000001,8.865620745200001,112.79526033655536,1.8958205000000001,40.8470804,0,64638.419
app_reviews_r95,EMA-FTFix-V2,16,3,5000,0.9577200000000001,7.7083101319999985,129.73012020476918,1.6491395,35.26498455,0,64638.419
app_reviews_r95,EMA-FTFix-V2,16,4,5000,0.9577200000000001,8.8040134706,113.58456042115179,1.8956,41.62458965000001,0,64638.419
app_reviews_r95,EMA-FTFix-V2,16,5,5000,0.9577200000000001,8.0048236446,124.92467597016872,1.738022,37.88324875000001,0,64638.419
app_reviews_r98,DANA,8192,1,5000,0.9870400000000001,10.1088330652,98.92338646312538,12.433622,16.861688299999997,2,13902.8268
app_reviews_r98,DANA,8192,2,5000,0.9870400000000001,10.1685140738,98.34278565602627,12.058543499999999,17.744327000000006,2,13902.8268
app_reviews_r98,DANA,8192,3,5000,0.9870400000000001,11.9497984388,83.68341986029516,13.929102,22.2049325,2,13902.8268
app_reviews_r98,DANA,8192,4,5000,0.9870400000000001,9.525805048599999,104.97800394802005,11.724954,15.58733005,2,13902.8268
app_reviews_r98,DANA,8192,5,5000,0.9870400000000001,10.5903404128,94.42567103804816,12.709352500000001,17.78678975,2,13902.8268
app_reviews_r98,EMA-FTFix-V2,64,1,5000,0.98124,20.8863847734,47.87807994773499,5.902953500000001,105.51336755000001,0,214302.7828
app_reviews_r98,EMA-FTFix-V2,64,2,5000,0.98124,22.2057961312,45.03328743953303,6.1523945,112.09975925000005,0,214302.7828
app_reviews_r98,EMA-FTFix-V2,64,3,5000,0.98124,22.668970133800002,44.11316412248367,6.2294745,112.03993390000007,0,214302.7828
app_reviews_r98,EMA-FTFix-V2,64,4,5000,0.98124,24.402443658600003,40.9795024625567,6.802130999999999,119.76368400000001,0,214302.7828
app_reviews_r98,EMA-FTFix-V2,64,5,5000,0.98124,21.3177010418,46.90937348446665,5.8343935,108.06095745000005,0,214302.7828
