path,bytes,sha256,all_metric_lines
dynamic_correctness/audit_count1000.log,2439,d9453e5a03186c0c6c011538c7f32b70aa217ca93c75b846b07ceb6d68d458e4,0
dynamic_correctness/audit_post_rebuild_count100.log,870,0bc988c134c177e0dca3852af64620ac92ece656a0e5ba4198bfd3229473487a,0
nav_admission_deep10m/bridge_ef1024_run1.csv,81273,09706844b9affbc5a3a1e3a63f2d0ade4bbe87dc1f4e3a3642c7c430b9794284,0
nav_admission_deep10m/bridge_ef1024_run1.log,1817,80777eee6138049efb48a0c26905950f42f81945f5274d9628d2297370a25b07,1
nav_admission_deep10m/bridge_ef1024_run2.csv,81126,c96dc65d77ce89e0952df9a2d4cfbf60e296d5f1bc53aa482efe14061ff132db,0
nav_admission_deep10m/bridge_ef1024_run2.log,1817,e767cab85e6576948eac2b5cad8a176b2d07fce6c787e74db0ea1fca6d6f7525,1
nav_admission_deep10m/bridge_ef1024_run3.csv,80902,b1556d0b2661374fe597b1e5a5bf277087d70006ac640b19b88c846e9c9fe4d0,0
nav_admission_deep10m/bridge_ef1024_run3.log,1817,44dfb755c150e3f215042c8ddc8f1ed13ed5d87f9c67f2b09887df4428509cb4,1
nav_admission_deep10m/hard_prune_ef1024_run1.csv,84203,265fe8cafe07dc34cb0084bf1e1ec0d4f4e42cd47e789ab7f763b75c80b5b9e8,0
nav_admission_deep10m/hard_prune_ef1024_run1.log,1848,9b064d1d9650e2dec2062b6dadd64ac0000ec3f03bc1ad56ff1d4edb29d164cc,1
nav_admission_deep10m/hard_prune_ef1024_run2.csv,84221,19f8f94f65e2de1294c3e9b12aa8c0a9d4d0fa043058432c009ffcfb25a7b15f,0
nav_admission_deep10m/hard_prune_ef1024_run2.log,1848,f03ed7fdc7129a4b24b54b144f1b4bb589b484a9999b8b0a2ba0d2c535520f4d,1
nav_admission_deep10m/hard_prune_ef1024_run3.csv,83937,7a476930fe2c346428b4cea198ffde378dbd553779c68e2867aea9eaefdb5c06,0
nav_admission_deep10m/hard_prune_ef1024_run3.log,1848,24edac4ed4474e34098eabfe1d9dc5a1108b34aa43e0720a069814fd75b954a3,1
nav_admission_deep10m/job.log,1107,c0bb452df42e667365fcd946c12c589508b8741f275b8391f89653f6e6871597,6
nav_admission_deep10m/summary.csv,374,e536cd827445a322c5e83faf01f28ef3a54e21137b10de127619ff1a8be6e3aa,0
nav_admission_deep1m/bridge_ef1024.csv,77028,bea6c9a508f5f95db971b2d9113dbcbcb9e06ddef6bc755cb3bc9e65e2ff006a,0
nav_admission_deep1m/bridge_ef1024.log,1802,7e4bebf52afda11230e0743a359ffd34a06099156b444c6d414f014bcfb8a5e0,1
nav_admission_deep1m/hard_prune_ef1024.log,1827,5c36241442f2fe228bb24607bc3fe360589a86b3424f40e1add2e17f89e0720e,1
README.md,1766,f0b652e7f9acec336e8bb0c82629e5da1b141d9a2c397db95871264fe68e45fa,0
