"path","bytes","sha256","all_metric_lines"
"bigvectorbench_app_reviews/build_hnsw/M16.log","251","bb6171dd2f50f05de1b14e5b9c4b5be479c4472ce5c928d7abce3fcedbe0b60d","0"
"bigvectorbench_app_reviews/query/dsg_ef1024.log","770","24289f062ff337a67036301592b24157984a5acb9e12212467c3a1c6586b09ad","1"
"bigvectorbench_app_reviews/query/dsg_ef128.log","769","38bafbfd09c3cfb754a34f4c408b9f3244d46bf98fc7a68b9afa11c83d9d91bd","1"
"bigvectorbench_app_reviews/query/dsg_ef1536.log","770","33461fd8167062393408532e18d614f714b413c229b123abb1245fef59bdbb5f","1"
"bigvectorbench_app_reviews/query/dsg_ef2048.log","770","704aaafa7228cdc2e9e63dd88ea0b04213fe2258d7a4d2b93267fe32714512da","1"
"bigvectorbench_app_reviews/query/dsg_ef256.log","769","1a1b3e5121ff9791a8ef6036d6b6f9875269bf09b6e219f28cb415c5ea6a0845","1"
"bigvectorbench_app_reviews/query/dsg_ef3072.log","770","9915e1241c340081aeb383e5292675b588b492ff53a45577bf1195013c141a86","1"
"bigvectorbench_app_reviews/query/dsg_ef4096.log","770","fa75b9cba3a196f255a25b17d0a687e5ee14ee0c9d7fa3694375fd4e7b1905da","1"
"bigvectorbench_app_reviews/query/dsg_ef512.log","767","600fc3bd1877250f3169ace0beacfde37339d9082c4f5b176c7f0db53f50fd16","1"
"bigvectorbench_app_reviews/query/dsg_ef6144.log","772","f6ce42cb32f2b43e36cf331ff2c6b3761e3ada5a4309b089d52bde0813491e7b","1"
"bigvectorbench_app_reviews/query/dsg_ef768.log","767","f2e49fb655193b5e2dbe831cad012e39dfc30e118949970216e6b0f2926487f1","1"
"bigvectorbench_app_reviews/query/dsg_ef8192.log","772","fe2805d06f4f15945c217bd82c2dca4ed2b6ae37b98ddfe4bb9aea3cee934622","1"
"bigvectorbench_app_reviews/query/dsg_smoke_ef256_q1000.log","765","c11e8670ebb329b346d7e5a70b229698326800a82995d381eb58a9cb5722bb3f","1"
"bigvectorbench_app_reviews/query/hnsw_insearch_ef1024.log","475","d3c858f5ecaf4369499258ee2eb64e97b63cf01e9194f076b32a4ffa02d56018","1"
"bigvectorbench_app_reviews/query/hnsw_insearch_ef128.log","470","002e51fe803275b09886db2f960006f2c8819ba206b21d5bca8f384719a33e5b","1"
"bigvectorbench_app_reviews/query/hnsw_insearch_ef2048.log","479","a5701725e8287c1d56e36e69d7509438bce48d7559ae367b0204b5a34494822e","1"
"bigvectorbench_app_reviews/query/hnsw_insearch_ef256.log","470","bbfdc6acb59789ce43e64f191d32a950a9e1ef0c296ab2795d5a9cb7b23923d9","1"
"bigvectorbench_app_reviews/query/hnsw_insearch_ef4096.log","479","f5a085fc7b8353e0a56615e91e2f715b21db74605461aa01ea596633363bed50","1"
"bigvectorbench_app_reviews/query/hnsw_insearch_ef512.log","472","3083b0e734efb9401f0377c2d24e889a18806fb6357e765952b71513abca2045","1"
"bigvectorbench_app_reviews/query/hnsw_insearch_ef8192.log","479","d90017cd6016b8051fc192ca5ff3f1ccf9ccdfbe96bf8eb535e2ed536bcd2dcf","1"
"bigvectorbench_app_reviews/query/hnsw_post_c1024.log","464","db083f2f47c77e9608c35adad471d19800866d5e4ee64b30af88a91d73b10219","1"
"bigvectorbench_app_reviews/query/hnsw_post_c16384.log","472","e6d66523ef98ccf4d4292a595a7fde9e9fff0c279cea4cec02d67e4cef271b59","1"
"bigvectorbench_app_reviews/query/hnsw_post_c2048.log","466","a4c239daa7ca04d515c0307435a01e7defefbfd01c22d5e31a0cbe98da8304c3","1"
"bigvectorbench_app_reviews/query/hnsw_post_c32768.log","474","9ca12de03ddb839e630516d1d18215603376425d0dcf7e2855e81a7ff1e0e80d","1"
"bigvectorbench_app_reviews/query/hnsw_post_c4096.log","466","ad0213e75b6ad10a63366770d9cbebd98671e6f273657caa57c48969f4992e00","1"
"bigvectorbench_app_reviews/query/hnsw_post_c512.log","460","49ef87a30e8f014c28a2a5c264561c2c9c79973524791dd82c85c421d14d1c48","1"
"bigvectorbench_app_reviews/query/hnsw_post_c65536.log","474","17dc171e6715f2f4ab3b01eb30608049f7412882cc62c7acf018bb68213c5e87","1"
"bigvectorbench_app_reviews/query/hnsw_post_c8192.log","466","20958e858b6fd661063047a1d67106dc1b335a4f9611bbb1c06d2adf7cc7fcc0","1"
"bigvectorbench_app_reviews/query/indexed_attrs_ablation/attrs0_ef4096.log","547","e1c46877d71e27f1cdbc392f4c4b20aae7692b519d6a87fc50a1995b9d809714","1"
"bigvectorbench_app_reviews/query/indexed_attrs_ablation/attrs01_ef4096.log","658","d8fa52a747f0dc019d673ff1f5e47b1627908b906ed9dbcaaa40aa9561043d0e","1"
"bigvectorbench_app_reviews/query/indexed_attrs_ablation/attrs012_ef4096.log","770","68f022f07ca30b6abd25423f739019ff7e211a63d7f5eb24545386023bf5c034","1"
"bigvectorbench_app_reviews/query/indexed_attrs_ablation/attrs1_ef4096.log","545","7bba041153ad4f51753af93cfcda598f594429e34ace72a777034d1d74a149e4","1"
"bigvectorbench_app_reviews/query/routing_ablation/adaptive_ef4096.log","770","33ffd66a6b5752082bf8c3a05dfe4540b882a8486bb607de8da46b60f739d18c","1"
"bigvectorbench_app_reviews/query/routing_ablation/fixed_attr0_ef4096.log","781","097b3a8eb88cd8c7715a6b819e5834f83dc8cf0b17b8cb49216abe2802f7aaf2","1"
"bigvectorbench_app_reviews/query/routing_ablation/fixed_attr1_ef4096.log","779","a0b50fbce2f765975e3fd5d0a35207e014e09f2326199a518e792b7fcf14696a","1"
"bigvectorbench_app_reviews/query/routing_ablation/fixed_attr2_ef4096.log","781","cc82564cdc745a7566461d8c8c2e12970168620280e46fcbb231c12843c5d92c","1"
"bigvectorbench_app_reviews/router_p0/adaptive_per_query.csv","755917","5fb316d874cb9136185c9f11201cec8dcba5d24d2b30787bf539cca0e37cbe91","0"
"bigvectorbench_app_reviews/router_p0/adaptive.log","770","7e8ad946384462696c7961d21fac275860c7174d0b8d53d1358d45a6c06e40b8","1"
"bigvectorbench_app_reviews/router_p0/fixed_attr0_per_query.csv","772343","2d79fa62e97998ee705fcd109403ef49cba50f7f34c85b075cebb15585060a7e","0"
"bigvectorbench_app_reviews/router_p0/fixed_attr0.log","781","5d2719bd4e249c251b41e7dc2ac7cb8ecaa0bb903890bd89cda8b3b86f40d23b","1"
"bigvectorbench_app_reviews/router_p0/fixed_attr1_per_query.csv","756596","9d915c451dbe5a57952d051410ca9a48c080c477e637d51072a66f1dc574f65d","0"
"bigvectorbench_app_reviews/router_p0/fixed_attr1.log","779","e0854406a457d7ffc154d8af8f9a640e408c7890f51b9698e18ff4e50cc802df","1"
"bigvectorbench_app_reviews/router_p0/fixed_attr2_per_query.csv","770864","f4a663df39887fff4581551fd1fe1453e59615f0d395a3e938dc4dfc41d6f7e6","0"
"bigvectorbench_app_reviews/router_p0/fixed_attr2.log","781","f1f6da6f53b392fb3b26b96103c56f514e70625e8efc59d2c26d6dbc623c52d5","1"
"bigvectorbench_app_reviews/router_p0/oracle_grid_summary.txt","1223","c7f4667f25dd8d59e8b0dffd9a8aafb81408c5ee44dc04df3e86406489dd364e","0"
"bigvectorbench_app_reviews/router_p0/run.log","2009","29a053ac5b0ddee5e229fd47fdc3f563054d8573ed6d1b81aab3ceb12733e89e","4"
"bigvectorbench_app_reviews/router_p0/weighted_per_query.csv","754556","c2a9d3eeb400e5fa93452490a3cfdf9bbf65d9d0c868c5783a7e8d33f55cdec7","0"
"bigvectorbench_app_reviews/router_p0/weighted.log","769","7ddf5ccb3ff34aaa20282c01149fb55df4714dd659fa3a8f4e5ea13c5996e0ab","1"
"bigvectorbench_app_reviews/topk/dsg_ef4096_k1.log","769","e4139e03d3420e8b9814034708bc419d2cae65e7f7eea6a0c2a7278170e9d025","1"
"bigvectorbench_app_reviews/topk/dsg_ef4096_k10.log","769","535f6c31a3c14297e0c163e03b7db04be927d73726fd60725eb12f5b0c72dbff","1"
"bigvectorbench_app_reviews/topk/dsg_ef4096_k100.log","769","c366a00ef839677e0b204e77472579fadee6ad7606ce9cdd26f8b7d8a3efcad3","1"
"bigvectorbench_app_reviews/topk/dsg_ef4096_k50.log","769","31b9fa31a624061cb86e32e99dc335da37c09447314ca41a1b0b29630d5f0f14","1"
"deep_10m_96d/build_dsg/attr0.log","1969","63c0a62e0fcc332f744da49041e42fdfd87e3395b694420f2e57cd6c9dce228d","0"
"deep_10m_96d/build_dsg/attr1.log","1970","28ed7a97e5179c55b8645900294542292d654afdbda75956c2a7603b72f68e02","0"
"deep_10m_96d/build_dsg/attr2.log","1961","bfa7228eddfe61b07af01c1886ed5fef2328702f482ee4b5b6cb392639fa33c2","0"
"deep_10m_96d/build_hnsw/M16.log","1175","69dcf1abc138566d6d32450443ecae9f7543c9fb0e1c06117e2ee29fbabc0b7e","0"
"deep_10m_96d/dynamic/count1000.log","1090","095648e9143c48f377709c2bb45efd365c7ebebced60f49abe18a2616a419b40","0"
"deep_10m_96d/dynamic/count10000.log","1098","be2aad995b1e7075815f0cd5d301ba8a2695fee1dfb3ced0d7456ae4f1cd7261","0"
"deep_10m_96d/dynamic/count20000.log","1098","176a04d7ad8699bf2ff9148aac2cc9b1ef074bb98c8b313e912fdd5dcb912ed9","0"
"deep_10m_96d/dynamic/count5000.log","1095","730878af773657536d868eec6ee2d040900821d338e2295d3532a1794ddfd207","0"
"deep_10m_96d/followup/dynamic_cost_breakdown/delta0.log","2662","e3321609fada918a7dfe2c9ae478a707d066430b308327d9fa854e3e2fe68f52","0"
"deep_10m_96d/followup/dynamic_cost_breakdown/delta100000.log","2703","e564f76cc7fe0fd378a45538a44ba98e5eb18d6b8fb3a1a7b65ad9e26ace3482","0"
"deep_10m_96d/followup/dynamic_cost_breakdown/delta50000.log","2690","cba4be200d4ab74bb512128c5e58224c013f2239e5a697c25a293edb51e620b2","0"
"deep_10m_96d/followup/dynamic_delta/count.log","1345","210b49ad50d74bebbca3dcb37f75a8563e678aa68519863844d7ffaafe73c48f","0"
"deep_10m_96d/followup/dynamic_delta/count100000.log","2420","be8ec1c9e95849b8d60050c2e49df971aff7747e7c2f2a7f79b118b39a176c1a","0"
"deep_10m_96d/followup/dynamic_delta/count25000.log","2412","a9d74ffea1bc98dc4a3c95eb368de9204d15f22c83680f5da44b9efac2a95465","0"
"deep_10m_96d/followup/dynamic_delta/count50000.log","2414","dbb90624661d8ad0021d4818688a3ca564d51765cd4cf269077d7c80545818dd","0"
"deep_10m_96d/followup/dynamic_delta/master.log","65","66a2ff0ac54f6bb5578676392d128b24393921449ffe2d0fc99a6a8f22481a57","0"
"deep_10m_96d/followup/dynamic_threshold/tau005_count100000.log","2417","f488436c8ca6ba963a5c66da27f5117156a4b8b4fb7e506425bd548c3223d806","0"
"deep_10m_96d/followup/dynamic_threshold/tau01_count100000.log","2415","5718c6e30f049519e3b8b39a7ace24e238673e188650615dbf3d3ab98e7288bc","0"
"deep_10m_96d/followup/dynamic_threshold/tau02_count100000.log","2413","7ce0096b632cbac6913769f20fbdd01c09550da627d0ca05875b8ee00204804c","0"
"deep_10m_96d/followup/dynamic_threshold/tau10_count100000.log","2411","ac7c87a62960e400782910e2110c83d386f6915f757fff459a085c425afb264d","0"
"deep_10m_96d/prefilter_hybrid/generate_filters.log","86","d228792c49c60e45ddb18683018dbdc6f974f64b4db2d6fdc3461c3152c7bfe2","0"
"deep_10m_96d/prefilter_hybrid/hybrid_estimation_error_thresholds.txt","6476","6d53552990305ebe405c319744a06afa6af2c6a3bedf0ab84b7781cee60248ce","0"
"deep_10m_96d/prefilter_hybrid/hybrid_thresholds_ef1024.txt","3022","41ae213040263dc8c169a7c9e36fd99c2077aa6a469606b196ac2a012b1a1e55","0"
"deep_10m_96d/prefilter_hybrid/multi_dsg_selectivity_ef1024.log","2104","1dc74374390b502432711bb5bba2ffce46112850b36466b0301f3d59f014ddee","1"
"deep_10m_96d/prefilter_hybrid/prefilter_selectivity.log","1152","5113b065e498d07a673f961d1efb4fb420803519bbca67ac6e92fe8eb45abfef","1"
"deep_10m_96d/prepare/reorder.log","1777","4e00640672443cd271bad8da5efb307f0b54e67d130f082801c5ae7921644a73","0"
"deep_10m_96d/prepare/workload.log","3698","b3c8c71631159a14e5591a45188bb87b700163937512d10598e3fa86105b452b","0"
"deep_10m_96d/query/anomaly/ef1024_first.log","1534","fe71333650e2e6cadad457835e967ea513a9c7bb3a0e461435e4490005f44bb7","1"
"deep_10m_96d/query/hnsw_insearch/ef128.log","913","0595439dc854d5847951e40517e4fdba7ed29b9100abff96bf9a90602dca9341","1"
"deep_10m_96d/query/hnsw_insearch/ef256.log","917","b77586cb34913a143a5e2f1d413e92aa8518230c352d9cd0802205b036bf541a","1"
"deep_10m_96d/query/hnsw_insearch/ef512.log","918","e0abdbe675928a83b0d71fed279e3354d57e4cf17615e3687ac5bfd3ef331846","1"
"deep_10m_96d/query/hnsw_insearch/ef64.log","897","5badd851ecd1fcb69797da34e37ec9d1c3ebff4a7ee493f9988b406a51e76a5c","1"
"deep_10m_96d/query/hnsw_postfilter/c16384.log","925","2bf3cbdde5b889d4256445797708af9636350366c1f94ea2164e3a83089a3f12","1"
"deep_10m_96d/query/hnsw_postfilter/c32768.log","925","d58c0001cc2ed7766da0b408e657efee18f100d2b3ab2ae163e8ea40704a2fba","1"
"deep_10m_96d/query/hnsw_postfilter/c4096.log","906","5fa98751de17f4a27a8b6d4beaa3fb51f09452049085a5099f298a6204826bdd","1"
"deep_10m_96d/query/hnsw_postfilter/c8192.log","912","65ea0c4d13bdfc0fd7d73a0ef83d866520ace7f6a3d21351386d9a5569914e4f","1"
"deep_10m_96d/query/indexed_attrs_ablation/attrs0_ef1024.log","1315","4eaaf999acb4a2657949741492b4c2693dd20e9d03d6fd018cef0ad0a480f612","1"
"deep_10m_96d/query/indexed_attrs_ablation/attrs01_ef1024.log","1424","14b9a6ed202e85b707b76894b0290f722b43f0757a7f3c656d4047efe7792447","1"
"deep_10m_96d/query/indexed_attrs_ablation/attrs012_ef1024.log","1534","a0391fd338c43a10d783239137e6f4c74388e9a98533389052843ed89b0697fa","1"
"deep_10m_96d/query/interference_20260624/dsg_ef1024_run1.log","1534","0b0d9d260121119278bb56c335e5b8da3a60d3067e644641bbf45f4050792c59","1"
"deep_10m_96d/query/interference_20260624/dsg_ef1024_run2.log","301","f70b8f4171b411f466ca3a5db7c62200a69ccee47866a4cab2847f5ea9fde322","0"
"deep_10m_96d/query/multi_dsg/ef1024.log","1534","3eea4cfcc52b4685f4e7ea03ba2ed0a331754f22ff59a824299b63991f8ea2b4","1"
"deep_10m_96d/query/multi_dsg/ef1536.log","1534","4d13562da8e4e15535f1fa3706eb679c8517287e7b1457d1614a0e43ce98ae0e","1"
"deep_10m_96d/query/multi_dsg/ef768.log","1518","706b134ca4c52afe25fa2a9537fae831c0ce2db40babb6f594958c857fc9d3b6","1"
"deep_10m_96d/query/repeat_clean/dsg_ef1024_run1.log","1534","b6ec8611c3e8a38f1dd0922cf0f372aae303bcf82f00a6eacdb6524906779da8","1"
"deep_10m_96d/query/repeat_clean/dsg_ef1024_run2.log","1534","ad973288127914fd3da3540eaacc6ae65c883e62fa05aef0436b7b3bd6914c8e","1"
"deep_10m_96d/query/repeat_clean/dsg_ef1024_run3.log","1534","c6bb6283542c1618bc13772e3e1d4387eaaa7a2c35f5ca7763fb92710e605e14","1"
"deep_10m_96d/query/repeat_clean/insearch_ef256_run1.log","917","c58f2ca27271db46ad26793695a8da242f76329164abea2006f80f8c58e6a0d0","1"
"deep_10m_96d/query/repeat_clean/insearch_ef256_run2.log","917","949907f46a3db147f24844912787dd299a67d3faaf5ededca92170b3d8b12851","1"
"deep_10m_96d/query/repeat_clean/insearch_ef256_run3.log","917","27de83dafe77e0869d41678669436cdfbb873ae1ccd53de97b391c204c9f095b","1"
"deep_10m_96d/query/repeat_clean/post_c16384_run1.log","925","9dfd0db797d91fe851709373f26a55eeeae25a1637c0e233b07dc99fc9aff297","1"
"deep_10m_96d/query/repeat_clean/post_c16384_run2.log","925","bedfe367270c4b19e8d35a140a8762d6967cf93bcdc668d09b40929701c9a551","1"
"deep_10m_96d/query/repeat_clean/post_c16384_run3.log","925","39f6b314bdd09130138d505f60d2248b3be2dec24d5754928ce2d539357c8de0","1"
"deep_10m_96d/query/repeat_clean/summary_std_p95.txt","372","517a497a2d56be6a371432c8fc75224877789880538006a5c6dedad64c795d58","0"
"deep_10m_96d/query/routing_ablation/adaptive_ef1024.log","403","a6264fd364e300e64a08b0736b5374c849898d74a335313d984f8a5c55f82504","0"
"deep_10m_96d/query/routing_ablation/fixed_attr0_ef1024.log","1541","7563c82fbb6cf698e3e6cd99db0c921f4a93d5b8df43ca96352ecbd71368c42a","1"
"deep_10m_96d/query/routing_ablation/fixed_attr1_ef1024.log","1541","07f48759224a19dd087b4a7e091326f1450225d6a158272275b903f2177c4f7c","1"
"deep_10m_96d/query/routing_ablation/fixed_attr2_ef1024.log","1541","b25f5f4c3d61d002a522f03ce4b1e08736ea21d06625a023829c8a9e28c42127","1"
"deep_10m_96d/topk_high_ef/k100_ef1536_q500.log","1533","bbf9387424365faa919bc56976d4f164c44d7bb9953cf8ccc554a3e2f79adb50","1"
"deep_10m_96d/topk_high_ef/k100_ef2048_q500.log","1533","9098476f058caeec013dab0f495e9cf10b8cc319d86e61ddd435f773a5ab3d9d","1"
"deep_10m_96d/topk_high_ef/k100_ef3072_q500.log","1533","18cc6630c5c2a3b3793ac198bb1f42466421efc3eb464b658b4c844e03b23e00","1"
"deep_10m_96d/topk_high_ef/k100_ef4096_q500.log","1533","fc0c511333f3a943f7f4692bc78d028ec1ab92dfb55ea03e1a9169837e330656","1"
"deep_10m_96d/topk/dsg_ef1024_k1_q1000.log","1534","94d7f9c6554a9f66e40ce351836921fa10dd8a33fb6986774707fa0b1df5879b","1"
"deep_10m_96d/topk/dsg_ef1024_k10_q1000.log","1534","4e8e9c096e1564b75eb2ffe4e7f6aa3d0caa537c6c8448d535019a328e0b7188","1"
"deep_10m_96d/topk/dsg_ef1024_k100_q500.log","1533","d25e7cc255d715a597bdb4047f819bd1f3bd06f34427c6d6a572c4767204040f","1"
"deep_10m_96d/topk/dsg_ef1024_k50_q500.log","1533","2cc944265817b14f9c63542f70235480961d4f5d3e305fef4c3d8b7d8820e663","1"
"deep_1m_96d/build/attr0.log","1927","68fef054650938c5ef1fee545a144517f66508fe9bdc744aa347a3393f7e5178","0"
"deep_1m_96d/build/attr1.log","1928","40ba6469bd2c67828430b6c93a3192a7556e64c648368f298578ceee63422465","0"
"deep_1m_96d/build/attr2.log","1928","099f1f54e45403235d09db8047bf6b2d857d895a4844d1a9e37149b7dc11c273","0"
"deep_1m_96d/dynamic/count1000.log","1089","228cac578aa2d5e26ae7031de45a979ec50e281f4676439294105f776bd84ebf","0"
"deep_1m_96d/dynamic/count10000.log","1097","0f74d381666640a9236b5849cd1db383afd745d594aa6e586fd9e257b5070dd3","0"
"deep_1m_96d/dynamic/count20000.log","1098","0ac76396d8cda5d951dbe896e70ea78a26ed0f16964db84ca4d77a60388814e1","0"
"deep_1m_96d/dynamic/count5000.log","1094","6100203a0116e582afdcc2a5924b2c7012e367f5853a989d4ebdc399cca01d57","0"
"deep_1m_96d/followup/attr_scaling/attr4_attr5_chain_fixed.log","0","e3b0c44298fc1c149afbf4c8996fb92427ae41e4649b934ca495991b7852b855","0"
"deep_1m_96d/followup/attr_scaling/attr4_attr5_chain.log","0","e3b0c44298fc1c149afbf4c8996fb92427ae41e4649b934ca495991b7852b855","0"
"deep_1m_96d/followup/attr_scaling/build_attr.log","355","00f2f3dcffd8ac8bec788bd11ba6c6c5d25ffa578efdaff47c37b7399fc73382","0"
"deep_1m_96d/followup/attr_scaling/build_attr3.log","883","18fd1d8ebc1d0377c1e56b064c160ed48ac5f42268cadd8a5ced53793a314d3b","0"
"deep_1m_96d/followup/attr_scaling/build_attr4.log","894","826a721e72c9fa058c594d7d75599f2fae338af373272b9db221018fbdbe8a56","0"
"deep_1m_96d/followup/attr_scaling/build_attr5.log","894","0b556ec5f03eed5e88513de4b7cdf2668a40b883ef2b20ef41de80f943c06250","0"
"deep_1m_96d/followup/attr_scaling/high_ef/chain.log","0","e3b0c44298fc1c149afbf4c8996fb92427ae41e4649b934ca495991b7852b855","0"
"deep_1m_96d/followup/attr_scaling/high_ef/m4_ef1024.log","1641","16c505a01f3c73b56e42fec574aeb89ed248f67ce98dbd05773619d51c3bb3d6","1"
"deep_1m_96d/followup/attr_scaling/high_ef/m4_ef1536.log","1643","ebb45688d96568b5b67c118bd1fb4af2888e6dce0a0dbefc0872841a76337fca","1"
"deep_1m_96d/followup/attr_scaling/high_ef/m4_ef768.log","1631","798d255ba433328a9261255276a387f3669b4ace735657e4777acba5fb969aa2","1"
"deep_1m_96d/followup/attr_scaling/high_ef/m5_ef1024.log","1757","fc05fbd22386e1ca116f1021cf5f3e654af6dc5d8acfb5146af870f8a4a3b0cc","1"
"deep_1m_96d/followup/attr_scaling/high_ef/m5_ef1536.log","1759","d4b25ea27f1241f5a79cf14e15bbddb0944962f6e047dc089afb45d3ea462363","1"
"deep_1m_96d/followup/attr_scaling/high_ef/m5_ef2048.log","1764","5ca99eb2dc6f0719e181d7bddf5e672311cbb90683468bfb3e788335ff37e000","1"
"deep_1m_96d/followup/attr_scaling/high_ef/m5_ef768.log","1747","0dad147c91e9e7fc871f55c708361b810b1315fe7485d78569bc308c2ca29eaf","1"
"deep_1m_96d/followup/attr_scaling/high_ef/m6_ef1024.log","1875","d3c5ea4bd202d82ea9d26ffb3f83162cc9495789045e19ddf18f6d5c489ed94d","1"
"deep_1m_96d/followup/attr_scaling/high_ef/m6_ef1536.log","1875","d56b521ac183cec2179331922a65b726176ebccace4735d70d77eb32facbf2f4","1"
"deep_1m_96d/followup/attr_scaling/high_ef/m6_ef2048.log","1880","5ba9fc881fca481c7aa20a78834409578e9c7b251254b0ea4551db7cf8ab7393","1"
"deep_1m_96d/followup/attr_scaling/high_ef/m6_ef3072.log","1882","4e9082f9c1fa3771c432f19843592bbdc1a2ed8afb949735f5f60fd9d70c14be","1"
"deep_1m_96d/followup/attr_scaling/high_ef/m6_ef4096.log","1880","0ee60c02e93059c7d3bab47b0a753fe2bc29ae56a7358e5785fd1b1d81b1a88b","1"
"deep_1m_96d/followup/attr_scaling/high_ef/m6_ef768.log","1867","92ab3775b7c5f85d0c7898ed5e6f54e6cb9d35570a49144d65b036ddeca0ddab","1"
"deep_1m_96d/followup/attr_scaling/job.log","0","e3b0c44298fc1c149afbf4c8996fb92427ae41e4649b934ca495991b7852b855","0"
"deep_1m_96d/followup/attr_scaling/prepare_compatible.log","1565","48cefdb3c7a8fd35eed8110cdf64029ef5a8f9fd50fa72df8fb60cb924e88efd","0"
"deep_1m_96d/followup/attr_scaling/prepare.log","4202","52673beecb7289a7862ab98143bd6d955ac3a9775bd86cc7549062cc45a37125","0"
"deep_1m_96d/followup/attr_scaling/query_chain.log","0","e3b0c44298fc1c149afbf4c8996fb92427ae41e4649b934ca495991b7852b855","0"
"deep_1m_96d/followup/attr_scaling/query_m1.log","1280","b080281dfadbfb033a5563b263f8e6393a4e51399b5d49c1ed7a56a7fecf78cc","1"
"deep_1m_96d/followup/attr_scaling/query_m2.log","1397","2639722e5869baacf09c981654ce9bbc16e1b871b68f83b06cba405033b343f9","1"
"deep_1m_96d/followup/attr_scaling/query_m3.log","1515","ef8f35dafd6d0779f8e793bc19fded74d4993031b0fdb02c3cdcbc8c58f4bbe4","1"
"deep_1m_96d/followup/attr_scaling/query_m4.log","1631","facc37a5476f1581d0baa6ef9c349e2571d536f79d7adefcde6c72c957e9c9cb","1"
"deep_1m_96d/followup/attr_scaling/query_m5.log","1747","a06ff048d7001304451076c95e72fb1c9be7e69d1f9f1b81bf013ea7a0801760","1"
"deep_1m_96d/followup/attr_scaling/query_m6.log","1865","d699df843cee9a9d7fe1c14f12f670807616e8afa2e0297e45476a735c52c230","1"
"deep_1m_96d/followup/dynamic_threshold/f_n.log","0","e3b0c44298fc1c149afbf4c8996fb92427ae41e4649b934ca495991b7852b855","0"
"deep_1m_96d/followup/dynamic_threshold/f0.01_n5000.log","1199","a58286f3f58be173211f3fd3a3649de55df5323297e968e6faf630012c14051b","0"
"deep_1m_96d/followup/dynamic_threshold/f0.05_n5000.log","1094","a517c6e5dc43ca2dbe29b6ee46efc3b4eab77090a6d09df85b3326c3cfaead5b","0"
"deep_1m_96d/followup/dynamic_threshold/f0.10_n5000.log","1094","cde138fa582ab75938ba8c26f5ca24805ee7b9e7022ff05a16b7e57f03f12f33","0"
"deep_1m_96d/followup/storage/index_sizes.txt","468","5f1d409981a419a322929ce33fa9df604037de489420d34fe4d8c893dc1bc1ff","0"
"deep_1m_96d/hnsw/build/M16.log","1184","9ab708fca547dc7aa7d6ef16faf85e47a0a893b905fe59b1b59b84af54e1e2d5","0"
"deep_1m_96d/hnsw/insearch/multi_only_ef128.log","917","380a6a21659685ad8d943f4fa54e36567ade971b1bede117abc8f7793b61f9d8","1"
"deep_1m_96d/hnsw/insearch/multi_only_ef256.log","921","4c699d33445f04ae4d8e5647004c12f45a8987c16e1e851a2cd06b4b0ecad18b","1"
"deep_1m_96d/hnsw/insearch/multi_only_ef64.log","901","a2dfbabd4fa2c75c950783fc1ed7fb5eded1c52213e2e8e44a1c3e3e60d5c22b","1"
"deep_1m_96d/hnsw/postfilter/multi_only_candidate1024.log","910","7a534bfa91abe556ac570d6239101a3715eb121bf43eefbc4a7a4ef540600889","1"
"deep_1m_96d/hnsw/postfilter/multi_only_candidate16384.log","929","8a0345f6e046f851bacad116659e628a3a54ff94329dbf061d21a694404383f2","1"
"deep_1m_96d/hnsw/postfilter/multi_only_candidate2048.log","907","13056165d3c1199630381765b2fe37bd4b2f7d253ae1003bcdeacdf39b013b3f","1"
"deep_1m_96d/hnsw/postfilter/multi_only_candidate4096.log","910","6c6e368454e76a30dc5995358cfdf31325e40585477502cbbd9e754c9922d629","1"
"deep_1m_96d/hnsw/postfilter/multi_only_candidate512.log","901","58eb02855beb2b548633d0bd80087cd87b399b9d8ee26bf2a10e2beb3784905d","1"
"deep_1m_96d/hnsw/postfilter/multi_only_candidate8192.log","916","f201680339d97de803928c2104dba88a14ebef7b610d9aef830586b66bddbc2b","1"
"deep_1m_96d/prefilter_hybrid/dsg_selectivity_ef768.log","2071","02ae02fad09a3b27a6e806967765bfb52bed24679e3a4b6caf109957b7804760","1"
"deep_1m_96d/prefilter_hybrid/generate_selectivity.log","85","7212f36d33e3ba46c97b6abe2351df82a2bd0479ba6e80f188b28629a051aabd","0"
"deep_1m_96d/prefilter_hybrid/hybrid_threshold5000.txt","900","51baf49b340ec3309b16098b2af250bf7197417f03a52c9ceee430c4b1fbc156","0"
"deep_1m_96d/prefilter_hybrid/prefilter_selectivity.log","1131","5acee5c40fd4145ba83c1e9b59cf311578d16b23f1682a85f8d6640cc9426cb1","1"
"deep_1m_96d/prepare/reorder.log","1759","b97f9354552bf4abad0ac3c0189a8be4eb041d2a01847ac1947f1e4e3c680a3e","0"
"deep_1m_96d/prepare/workload.log","2640","415ece4467ce72acba44544ffac806cc2176a18419787dacc0c02f001e6c209b","0"
"deep_1m_96d/query_paper_compat/dsg_ef1024.log","1861","b5b7070967d1bd1c8ba2b755ec26b70476cb6e0c85db2f366b867f270d46fbc4","1"
"deep_1m_96d/query_paper_compat/dsg_ef512.log","1848","fba0d3a0f0f76016cc49fa858e4c5f58ea46170a3d24a1027c0a98e6cc4327b0","1"
"deep_1m_96d/query_paper_compat/dsg_ef768.log","1848","221621691058d329c35f5b7771d3e3beb23626f0f18abbc56b0c1fd64a06732f","1"
"deep_1m_96d/query/dsg_multi_only_ef1024.log","1519","41d17984326e0d66607e2962f004bcfc78e5b139ba83f1ee69727dd40ecf1205","1"
"deep_1m_96d/query/dsg_multi_only_ef1280.log","1519","37bd71620c65f53a7608f51bf4e8184d0ad028804988fcba78744df7cde7e12d","1"
"deep_1m_96d/query/dsg_multi_only_ef512.log","1509","351a9af932e24b4d2d323d7610630a7ddd4ea0e803098a7d9a38fdaf1c0b8791","1"
"deep_1m_96d/query/dsg_multi_only_ef768.log","1509","e1da96c34615c02d33bce45effe2763ddab747dde7fd997ef1f3675129134623","1"
"deep_1m_96d/rebuild_count20000/build_attr0.log","1955","0e6eafb04bb98ee6b2fbb95eb3094931a5db1136bfe341e94b0399388fe3db8c","0"
"deep_1m_96d/rebuild_count20000/build_attr1.log","1957","83dddc917727b17de5b60b769148517e879c7f5fa48c494b38fb596f1a461f79","0"
"deep_1m_96d/rebuild_count20000/build_attr2.log","1955","23e618f963f89a77a7355fe9c589b4c3b5442df8d3cc89ac01cfbcfd8c0e53d2","0"
"deep_1m_96d/rebuild_count20000/export_snapshot.log","1190","281055451ca5f01e0d4a2e61f2f0935851ce24f65011da643eb9edbd6aafeb91","0"
"deep_1m_96d/rebuild_count20000/query_rebuilt_1000.log","556","a1750adc574e369e86a55999963b1e5bbba45e54cb6211737ad257e5264125ea","0"
"deep_1m_96d/rebuild_count20000/reorder_snapshot.log","776","c6f7ce12440b810f1983bd8ed7cfd479c533437cabe1b0a8e3211f8fe01e8da7","0"
"multiattr_100k_balanced/hnsw/build_M16.log","233","a606b17d13cc689c72ae9c8f74f80955de60a2f0702e1781a04f11fad6c84af9","0"
"multiattr_100k_balanced/hnsw/postfilter_candidate1024.log","736","5068aa6ec0358243d3d157668422719f4555422c8ee7f61097869468670dd68a","1"
"multiattr_100k_balanced/hnsw/postfilter_candidate128.log","734","abe86e49cd52da36eb82ab3120e07d5dd5e5f475f99f5c81df3897cb0b2e1e74","1"
"multiattr_100k_balanced/hnsw/postfilter_candidate2048.log","736","ea3fedc6939800a408ee8d988c189fa66e6c86ceb7519a34c6b2e726ad3cdffe","1"
"multiattr_100k_balanced/hnsw/postfilter_candidate256.log","730","52b4d914d40978a62366dd2e7f362ac7581a99fefed93ecd500cb56e42a6df5a","1"
"multiattr_100k_balanced/hnsw/postfilter_candidate32.log","724","bb498cce21ab1ba74750ae7040c674118ce03d1b4677e6a546d1c4a8b18ea382","1"
"multiattr_100k_balanced/hnsw/postfilter_candidate4096.log","736","4920c944e967992d07cfef286b4e38d1517f03e09e6100665d5c800c9b7e72b0","1"
"multiattr_100k_balanced/hnsw/postfilter_candidate512.log","730","d078f6708569c6f5331fc4d78269068b9790500443ec72adf609bb24364ec946","1"
"multiattr_100k_balanced/hnsw/postfilter_candidate64.log","724","07ecf8987bafbb2c7f2d2545591597b8c9ef46234f266e9940d4f2284559fecd","1"
"multiattr_100k_balanced/hnsw/repeat/candidate32_run1.log","724","9843ef3562728eb7e81b5b754c95ec19625f96e00a3f904b31971f0945cd4502","1"
"multiattr_100k_balanced/hnsw/repeat/candidate32_run2.log","724","e66920bf3ae3b9070e2dc9b7efaa3cb45dfc8a3771d43fc226f6cee48010ffaf","1"
"multiattr_100k_balanced/hnsw/repeat/candidate32_run3.log","724","87f5492205fd02152a5f4d28afda7c11341936c5b0b0c1d48ec77ceabef9d2c7","1"
"multiattr_100k_balanced/hnsw/repeat/candidate32_run4.log","724","5301fda4790069865c240b75155eb440e1e34d348cb66a35b9209768ff4bef54","1"
"multiattr_100k_balanced/hnsw/repeat/candidate32_run5.log","724","edddee4e907ae11ea46261d05e33844f50315cc2ba1e8120c2fd2fb6371d1552","1"
"multiattr_100k_balanced/hnsw/repeat/candidate64_run1.log","724","943481377dd20626e8cceb269da6398d976fd4e932158bedf06a3c158658ba14","1"
"multiattr_100k_balanced/hnsw/repeat/candidate64_run2.log","724","d71e88f3c93eac733b221cdcb7dd1a2ba077ebf8cb2842cc1599d369ab5efb1c","1"
"multiattr_100k_balanced/hnsw/repeat/candidate64_run3.log","724","5ff9bdd23b05f544572bfa9f96a9c42094509ff7a98ec46502f743aff51c90d2","1"
"multiattr_100k_balanced/hnsw/repeat/candidate64_run4.log","724","063e128455edb6a7c271feb3649b5cbd0bee8146c57d5c1f2139dcdb84984823","1"
"multiattr_100k_balanced/hnsw/repeat/candidate64_run5.log","724","7a18a00f63532df73750cdd8876def4175d92db1d5c54907f8fd634cf5967d07","1"
"multiattr_100k_balanced/multi_dsg/adaptive_ef16.log","878","91c2ec3a271cc50aa06b77daa6e80d4828a22cf8337150fe9eff6be7df75adf3","1"
"multiattr_100k_balanced/multi_dsg/adaptive_ef20.log","878","4ecc1553dfe5805fab423dd8b7230f767121b8ca78017cae06122d5b67d3905d","1"
"multiattr_100k_balanced/multi_dsg/adaptive_ef24.log","878","d7348371b85147ccbe6aaa207cbcb149136820a9857460c5c85cc42d04505e34","1"
"multiattr_100k_balanced/multi_dsg/adaptive_ef32.log","878","8cda9e24b3427b62db88573594fe47b6a2ea41b3ce1afb70a7b70ba1901719d3","1"
"multiattr_100k_balanced/multi_dsg/adaptive_ef48.log","878","404869060803505fb3724a586c89c50d4d1925f12be7f45db31592cb79b225d5","1"
"multiattr_100k_balanced/multi_dsg/adaptive_ef64.log","875","b61ebbf436654a07c454a6c5e85d1292737c10c9df5b2eb964fa295cfaa02f7e","1"
"multiattr_100k_balanced/multi_dsg/build_attr0.log","892","afa2e9234ab78a4f9b90b31af096067bab559e97706fcfd724f4166730fe1a8b","0"
"multiattr_100k_balanced/multi_dsg/build_attr1.log","889","6876a565ffadc77ae643f2d3d1bada5e3d4f05ac6023cfe9bc808a8eed3c34a8","0"
"multiattr_100k_balanced/multi_dsg/build_attr2.log","890","ad1b528ac7da1f95e13cb2648c22d1d0532b82563c09606ed37f1ab5c5bb9576","0"
"multiattr_100k_balanced/multi_dsg/fixed_attr0_ef16.log","884","685d9eb35fe5e87da1b900d8305e2c75d7d1d416b4f6d40ca1367393c5ce881f","1"
"multiattr_100k_balanced/multi_dsg/fixed_attr0_ef20.log","884","97a505d1b1f9d1ea652ddac81f7712409245fe116db5a943cf64f39151ea43ea","1"
"multiattr_100k_balanced/multi_dsg/fixed_attr0_ef24.log","884","2103870b21f0306852987be8c22861f57fca4830df44b32402041fb90e0b212a","1"
"multiattr_100k_balanced/multi_dsg/fixed_attr0_ef32.log","884","ca21233ff239d3fe7449b71b2faa26d30acb3b5e09e792b323b0e56df5a503d5","1"
"multiattr_100k_balanced/multi_dsg/fixed_attr0_ef48.log","884","45a70ee7b06c045e92097fe5ba005eeecbfe4cce70e8daebaa60b7aba322b920","1"
"multiattr_100k_balanced/multi_dsg/fixed_attr0_ef64.log","881","d36e4d5a8ddeadd3760d5abe133234e0c664a79e306a1f3a33d29fdbffadbd0c","1"
"multiattr_100k_balanced/multi_dsg/fixed_attr1_ef16.log","884","b130798d9e6e70d37f8a6e617a4f39df9156558471fbccacccfb5bf847804dfc","1"
"multiattr_100k_balanced/multi_dsg/fixed_attr1_ef20.log","884","0b8fb94908fece77967d54c262124156a627141c9eb074e86712846c1babd7e3","1"
"multiattr_100k_balanced/multi_dsg/fixed_attr1_ef24.log","884","af091261a1c46284eb2b6532dfb1e2ebfa7e0931e4cf8c78003a6ba7cc807a49","1"
"multiattr_100k_balanced/multi_dsg/fixed_attr1_ef32.log","884","63a959ba2016bea0a4f537c45c55b38ff6b376b2b1dc81008548bd15d4dba3d2","1"
"multiattr_100k_balanced/multi_dsg/fixed_attr1_ef48.log","884","b1cf47d8b1e8e22a8a0f3661bd18fade343c67b0f1205eedc84f00f733d7f51f","1"
"multiattr_100k_balanced/multi_dsg/fixed_attr1_ef64.log","884","1d0739a5c5aae2bd8e0ec23800ddbb331e49dc780cd69f91e383a5be34c807f4","1"
"multiattr_100k_balanced/multi_dsg/fixed_attr2_ef16.log","884","3af612c6e6b22aa42e84393fb8ebe01702c3712a824d66e77ce929e8e8930d90","1"
"multiattr_100k_balanced/multi_dsg/fixed_attr2_ef20.log","884","1de8017addd82a3f456c59a9739f8911ed7ce7c804b65720c68df3acb43d5130","1"
"multiattr_100k_balanced/multi_dsg/fixed_attr2_ef24.log","884","74d432acdc36b9a5d4e5fd4e9f039895b3085d95a1a3ab4a905aec60990d9b62","1"
"multiattr_100k_balanced/multi_dsg/fixed_attr2_ef32.log","884","ffc8257f59294d1e965e962c2f7dd6e80c691f71ee6e634c58048d6093d743a0","1"
"multiattr_100k_balanced/multi_dsg/fixed_attr2_ef48.log","884","d36f4c5f31ddea893ae93390af997e133233e61c40ed2448d49416be0fa4915b","1"
"multiattr_100k_balanced/multi_dsg/fixed_attr2_ef64.log","883","e4983ec0e318e52da0c13d2fb175786018cf4143dc5f120c0446eaf3eae2b76e","1"
"multiattr_100k_balanced/multi_dsg/repeat/adaptive_ef20_run1.log","878","81a7db8df73e8a305da9f15537abb8c0650ee06b0e7c779a2f2c94424e4da704","1"
"multiattr_100k_balanced/multi_dsg/repeat/adaptive_ef20_run2.log","878","1ae875987ce4eaa5613af94374b02678f6b24dd7de2c0ed4f748ff165ef3b7a7","1"
"multiattr_100k_balanced/multi_dsg/repeat/adaptive_ef20_run3.log","878","ec1269c336b1a86abf6b7437f0982905ec330a03aa2be38592de1f9c347d71c6","1"
"multiattr_100k_balanced/multi_dsg/repeat/adaptive_ef20_run4.log","878","258bfe037c143da938d96be9be0774b37f3a8f8fb7781afbbe759a18f26bfc04","1"
"multiattr_100k_balanced/multi_dsg/repeat/adaptive_ef20_run5.log","878","dfa37dab771368f68c74ff3094d1b9c7eca108c58490bcd8505663d8a2de074a","1"
"multiattr_100k_balanced/multi_dsg/repeat/adaptive_ef32_run1.log","878","f7536543fbebc4f741d9f65ca0233c41778b4b8c74bf6cb2b078538cc2c91016","1"
"multiattr_100k_balanced/multi_dsg/repeat/adaptive_ef32_run2.log","878","912badb7c29f2a89ae2ef0c6c9536bce7de658950ed6b48769f4540c86369438","1"
"multiattr_100k_balanced/multi_dsg/repeat/adaptive_ef32_run3.log","878","bbe83ee1c59890ed02c5c7201109c2f49efcbd4aa5e04c14cec2ccdcc6713e2a","1"
"multiattr_100k_balanced/multi_dsg/repeat/adaptive_ef32_run4.log","878","896d4a5e2795af664bdeef1216f1c54b121d3f07f52453c7191dadb56b834aeb","1"
"multiattr_100k_balanced/multi_dsg/repeat/adaptive_ef32_run5.log","878","26dd5b2c6c43894f6cc9ea0cb784cd2c2818309f20d9d301dcfba6e74335803f","1"
"multiattr_100k_balanced/multi_dsg/repeat/fixed_attr0_ef32_run1.log","884","b0160aed1ef814720c5a1d1465d6de1ad2668dcc43b9f1970cd2fa28592c1423","1"
"multiattr_100k_balanced/multi_dsg/repeat/fixed_attr0_ef32_run2.log","884","d3b5f511d489851aed740aff7953fcbf2b299b9b00189b21c545d11998e1c566","1"
"multiattr_100k_balanced/multi_dsg/repeat/fixed_attr0_ef32_run3.log","884","0fd84e6aabb988c601839492bdd59c6e26dab4e214911e95096507873a8735f8","1"
"multiattr_100k_balanced/multi_dsg/repeat/fixed_attr0_ef32_run4.log","884","630ecc3d01655a21eea8fedf3ebad4c81e1a2af67a13259a228dff1c298ea375","1"
"multiattr_100k_balanced/multi_dsg/repeat/fixed_attr0_ef32_run5.log","884","17cae05e7ba668b6a783909090f03e3b9371d1db8404ea082074bcc4e702317a","1"
"multiattr_100k_balanced/multi_dsg/repeat/fixed_attr2_ef32_run1.log","884","6b447dd33ff110c98e2dd20019a4b7f0a93b5ae608cee30d7deeff79d491ba2a","1"
"multiattr_100k_balanced/multi_dsg/repeat/fixed_attr2_ef32_run2.log","884","3c52a42441e6b5757acc70e8b9ed7be64e7fc3b1754ae357ad00a7f82eda9674","1"
"multiattr_100k_balanced/multi_dsg/repeat/fixed_attr2_ef32_run3.log","884","cac72833589cd65c49b91d27d922d87e3f3ea78784bf2423c02db420890201fe","1"
"multiattr_100k_balanced/multi_dsg/repeat/fixed_attr2_ef32_run4.log","884","1fc55a6a5d7013958d76ec09165469035f7411ad1cadd4dc017ec47cba6909cb","1"
"multiattr_100k_balanced/multi_dsg/repeat/fixed_attr2_ef32_run5.log","884","fb44de293aeb734c7392cf73726dc0a69278825191958283e8827b61f3627e54","1"
"multiattr_100k_independent/dynamic/adaptive_overfetch.log","1071","50cb749b04217853d0ff38296009230c3a30da3700b55a3ec39269a4118df8e1","0"
"multiattr_100k_independent/dynamic/count100.log","1071","f218ca619937959aa871c3d7cde3e5623234a2ea9681922a0d072f6bea778ee9","0"
"multiattr_100k_independent/dynamic/count1000.log","1079","e4d6858300fe911cd42579951022e9651fd25cf8d49bb9fe46c63ceb7f28459b","0"
"multiattr_100k_independent/dynamic/count2000.log","1079","ece9527553a3d705f6c81e4a8f91a1e6d57de89be9c72e872924153a684bf1bf","0"
"multiattr_100k_independent/dynamic/count500.log","1075","e2fd3cee39f495799b37356feabc84a159ad30820401250b984b7a9f27407bbe","0"
"multiattr_100k_independent/dynamic/count5000.log","1085","5123ebc49059f6e5674033eaabd32ae38d457c8c99ec9e0c1a990a0076edfe78","0"
"multiattr_100k_independent/dynamic/export_snapshot.log","1183","34ea044ade48b0a11d4be6b9a8d7ec48cc1f1f4b5bbd79989dd8dfb82f775f2d","0"
"multiattr_100k_independent/dynamic/repeat/count1000_run1.log","1077","fcb297648eaaffe27280c502680c539ebf25a9c24880eb14b3daf3c0b5a04635","0"
"multiattr_100k_independent/dynamic/repeat/count1000_run2.log","1079","099cfca47f8a92348f9218140d9df9900210333b338121f8a10bf713209d6b5a","0"
"multiattr_100k_independent/dynamic/repeat/count1000_run3.log","1079","77db15b2ba337addcbcc678f4fbc8c15fb6a8fd46b9cb580e8deed8f418030b2","0"
"multiattr_100k_independent/dynamic/repeat/count1000_run4.log","1079","dad98126248421b82387cf2e6dd7e8d72f47774e245fb25ba50d256c6b384c01","0"
"multiattr_100k_independent/dynamic/repeat/count1000_run5.log","1079","2958167dd3a8c3790b7584cf54c9c1b8ff3cebcd93e46ea158bdeb5d292548a8","0"
"multiattr_100k_independent/dynamic/repeat/count2000_run1.log","1078","afc225bb97df2c3e26025b457fa74375e1e76308b38f94815ee88e15227f3906","0"
"multiattr_100k_independent/dynamic/repeat/count2000_run2.log","1079","77677ae0a002fd671dbb60eb02135cc37dbc17f942b8ca7f672ecd85b117c21a","0"
"multiattr_100k_independent/dynamic/repeat/count2000_run3.log","1079","2bf3b5e4ba679b0141a4f02cf061b091f7f177c9460b9fbd92c62dbeb87a9e84","0"
"multiattr_100k_independent/dynamic/repeat/count2000_run4.log","1077","a63a2d57ffac0087b6f23974b649c630eb21756c045f8dac5c6f498b98a36b98","0"
"multiattr_100k_independent/dynamic/repeat/count2000_run5.log","1078","91875d403e0675d29f9716139e4dbb6eb63416fe0c508e924a1f2d916d5832e7","0"
"multiattr_100k_independent/dynamic/repeat/count500_run1.log","1076","c247f3a68063a00b9fc298cb8932b7ed19b7bdff362f89d224b29f0b4324a86f","0"
"multiattr_100k_independent/dynamic/repeat/count500_run2.log","1076","b1cfba610cc625bd842f5bd33377e56ff5f06fd3b1d4974d52ad8c6d707e6d58","0"
"multiattr_100k_independent/dynamic/repeat/count500_run3.log","1076","23ef294bebd9d76b51b7718594db8db0eaa7c8bcb60ba09c61265bf79175a3c3","0"
"multiattr_100k_independent/dynamic/repeat/count500_run4.log","1076","23ede12e74ec6914fa3a49661e9d72bcc5909ac073248c5597718414c90cb5a0","0"
"multiattr_100k_independent/dynamic/repeat/count500_run5.log","1076","dbd2a687debdf0d7d11275514add3897899f161b3bb4856153c488d44069d815","0"
"multiattr_100k_independent/dynamic/repeat/count5000_run1.log","1085","2747a1010c348e51a1042ac19128209408a67c0203818002dced4663bb8559b4","0"
"multiattr_100k_independent/dynamic/repeat/count5000_run2.log","1085","92197a3aeb23f371f9cf7ccb01ddb066c7f1047a0eb0889daf88d759b2097b58","0"
"multiattr_100k_independent/dynamic/repeat/count5000_run3.log","1085","283e66ddbd48f08b55fd4bce7333f07b40fc331a88d02b8e4d985fc219a79d53","0"
"multiattr_100k_independent/dynamic/repeat/count5000_run4.log","1085","a20ace17707cd0ed66c2ed079de9b9e53c8ac447baaa2ff65ab8477cb039b930","0"
"multiattr_100k_independent/dynamic/repeat/count5000_run5.log","1085","3f0f394d9fe876dbd4713f56c01547a56d57eb86d51f6c8349883abed6b969a5","0"
"multiattr_100k_independent/dynamic/smoke_100_100_100.log","1073","dad808a4e3b1a612ceeec4fcce3f272e5e6e66935ec125eb5b63952091caeea9","0"
"multiattr_100k_independent/hnsw_insearch/ef1024.log","780","4352c62b0df76e534009bf408d047b8701c7bc42d0f1bc04b295c9c75583309f","1"
"multiattr_100k_independent/hnsw_insearch/ef128.log","763","d547a441ccf1a040301034497fe315694cf3022a9cd710fbd730225623c9ac57","1"
"multiattr_100k_independent/hnsw_insearch/ef16.log","750","7888b8646633ca6c8c253b8fe39a2a9b573716fe5255e138d2125a081290c9e8","1"
"multiattr_100k_independent/hnsw_insearch/ef2048.log","780","e8effbef554c33352ee2f4e48718b95db02d763947e43c94cc8353a113b5d232","1"
"multiattr_100k_independent/hnsw_insearch/ef256.log","767","40016a20383ab8348a0ee95629f332f70f579e5739cc5e00d65a337f917ae572","1"
"multiattr_100k_independent/hnsw_insearch/ef32.log","750","07181b5c0a1f0b95f70740392b15cac0f3a7289d45ab7f999a92d5486e191877","1"
"multiattr_100k_independent/hnsw_insearch/ef512.log","767","ea5faa200f3b57895693c9294092f05d6d6eca6901f9a591a5c56e83cde6f787","1"
"multiattr_100k_independent/hnsw_insearch/ef64.log","750","3c13b4eb40937d79fddeb1e3ae6680f713ca6568c533b573c6170fd1e2cc34d9","1"
"multiattr_100k_independent/hnsw/build_M16.log","238","dfd68479794097891f55b93783e190ed5b240f0646dafd98ad33e30464deaf1a","0"
"multiattr_100k_independent/hnsw/postfilter_candidate1024.log","731","f00fc3e5f3ca054e91bc3f3365e1b968f49194f4ba64973889164d39895254f2","1"
"multiattr_100k_independent/hnsw/postfilter_candidate128.log","731","f57f18d698e98ac855bfedd1a591248784f178c78713dbad1e8d18978b492f16","1"
"multiattr_100k_independent/hnsw/postfilter_candidate16384.log","741","ecf95cd71326541f23e6c8f7bd6427bc67014eefd8b2bac68bae08da04721d98","1"
"multiattr_100k_independent/hnsw/postfilter_candidate2048.log","731","c1db84058c027a42e3502147508888ecf72eab1c042879b42361861e378737e4","1"
"multiattr_100k_independent/hnsw/postfilter_candidate256.log","730","b7124e94be67b37953997787f3a61752e9886bd07e8e4d18432ff656975fa931","1"
"multiattr_100k_independent/hnsw/postfilter_candidate4096.log","735","bbc2961e4683d3476b6dbf9c15206458d05453c61575b27bac1efde758b59f11","1"
"multiattr_100k_independent/hnsw/postfilter_candidate512.log","733","e4376d9b705a6e4ed48f4a4d92a7fa2fe5106fa9190716b876aeea3f5e0091c1","1"
"multiattr_100k_independent/hnsw/postfilter_candidate64.log","727","f294cc3f5adf07846416293501c6be8828e5254d8e8b34c6fbba2fdfe494c970","1"
"multiattr_100k_independent/hnsw/postfilter_candidate8192.log","735","c81c7b1509bc96a4b8a1ed9a9256583217d5d4d1d7190475d3fb5006e65d9bf7","1"
"multiattr_100k_independent/multi_dsg/adaptive_ef128.log","895","c038f0a61cd9ddafe96ea5372dbe3536a7195f876a3531e146d62f6379f2bd79","1"
"multiattr_100k_independent/multi_dsg/adaptive_ef16.log","890","f54331cfdd0a31d3cfd7e2d6bf0887530ea82dac7da4459f01bbcd454e710dd7","1"
"multiattr_100k_independent/multi_dsg/adaptive_ef160.log","895","c5e2cb231ae34ac2b00d0d47c493442f9a35f6f2a0f5e21d812eca827ae2331c","1"
"multiattr_100k_independent/multi_dsg/adaptive_ef192.log","895","e000896f32041c7a4d839dd891cd673bac9a1755f1fdbf3be648e16f47f889e1","1"
"multiattr_100k_independent/multi_dsg/adaptive_ef20.log","890","ce4d02dea90204b4290d489745eb95922239be2998c0a105e561224db7982c00","1"
"multiattr_100k_independent/multi_dsg/adaptive_ef24.log","887","3fa9a1a2551255b9629c93eb0456fbc8aef6cb73fcb2e7db274b00311a588678","1"
"multiattr_100k_independent/multi_dsg/adaptive_ef256.log","895","cca2a105b10700bd0e9ee6d580a55f4b6440368c7a9ea25fa826e3bde1842f55","1"
"multiattr_100k_independent/multi_dsg/adaptive_ef32.log","886","5d598cdacb33615d05c2b7775c3945809f6c95262a96f6797a1989b65b0340ba","1"
"multiattr_100k_independent/multi_dsg/adaptive_ef384.log","895","5f624fec8ec66df85ebafbf89563ea7c49351e0f91fbb551dfe52d4037544b48","1"
"multiattr_100k_independent/multi_dsg/adaptive_ef48.log","890","c817dcd6dccfb320c201a3d705af39946385e38735bfa9dd69155328b09a22d1","1"
"multiattr_100k_independent/multi_dsg/adaptive_ef512.log","895","c28ce9f9885891cf86a98130554e04a2efb48cb53c9b4fefc42ce3a8bae8c0cd","1"
"multiattr_100k_independent/multi_dsg/adaptive_ef64.log","890","68a87a9236a6e63074cde66d8a0ac1c2bf5cf264fcd683f3e4dba9fca59a6f88","1"
"multiattr_100k_independent/multi_dsg/adaptive_ef96.log","890","48306718d73c19ba578b0df02f3f62c3295bb08d7dd2cc72ddbc6b05d4ff09df","1"
"multiattr_100k_independent/multi_dsg/build_attr0.log","903","42d8635312b7b4bdfcce8b7c2a2cd74588508f424c6bfa08c5e8e76515054825","0"
"multiattr_100k_independent/multi_dsg/build_attr1.log","904","66a2bf6259bbd34ef24a254943413deb3318435b543bd869f9133e93265b5761","0"
"multiattr_100k_independent/multi_dsg/build_attr2.log","904","ac66fe9c73ee636fb67b31f36f1a3ccdb5a566a5d8fdd5875a47f33281278bf6","0"
"multiattr_100k_independent/rebuild_v2/build_attr0.log","913","aaa9eed059a9b4ba05d3459d958e050dc51eba4f49ce00550154b1b8d9bb547b","0"
"multiattr_100k_independent/rebuild_v2/build_attr1.log","913","49bfeadebfcbbbea98e19747a6add5b4df6912e7949b37b60be6efc9222a8b11","0"
"multiattr_100k_independent/rebuild_v2/build_attr2.log","913","8a0d556b526a162d3ff4a8adf702d5d07e874922f2f9db7a9927ff713ed85562","0"
"multiattr_100k_independent/rebuild/build_attr0.log","936","40ddb46788a76cdd16438faaa9bfaf886f3012cf641870a0ac15efa2dde18e70","0"
"multiattr_100k_independent/rebuild/build_attr1.log","937","926bc0c36a91bbc9372fc038b157f6f93087fa350c352225f362d3ea068421c3","0"
"multiattr_100k_independent/rebuild/build_attr2.log","935","19700c18c0e6816369cca3ef8f0a3f09d1045a891860e0c51524215abaa83dbe","0"
"multiattr_100k_independent/rebuild/query_rebuilt.log","603","746f18c47cd1e738a2693d53c91531091cac9720a0c9e9b0db9a160d82f6d6ed","0"
"multiattr_100k_independent/repeat_insearch/ef256_run1.log","767","66cf12072b963fc6c86450e8660082e10317e73c6dad32266ed8d18798851b3a","1"
"multiattr_100k_independent/repeat_insearch/ef256_run2.log","767","6c16fb159e12ecf31a7b109ec1574a8cba6ab9d4235050982c6a69bfe0c25ede","1"
"multiattr_100k_independent/repeat_insearch/ef256_run3.log","767","9b618bbbca549e78d05c48b3d74c98e3404f67330408765b1c1b40e4cb63bbbd","1"
"multiattr_100k_independent/repeat_insearch/ef256_run4.log","767","37bfc7e1cfc467f1187732fb587d2b8da6ede75d40f2e6cd5acfefe5550fc1e7","1"
"multiattr_100k_independent/repeat_insearch/ef256_run5.log","767","ebcdba88e208ea87e0a8beb17e81d3da73f54d1bcc5141521b5181b8d4d38273","1"
"multiattr_100k_independent/repeat_insearch/ef32_run1.log","750","6301b81b9a05cfa81ff3d3b08674ef05728d50d64a5523ca27b257c9eb0d4b4e","1"
"multiattr_100k_independent/repeat_insearch/ef32_run2.log","750","281f72a32217b966bc91e5ca737aa080d1409b31055b3eab1ef483c831ef503f","1"
"multiattr_100k_independent/repeat_insearch/ef32_run3.log","750","35af1be833822ce4cde17ae3cd08dd128462dd0d8d0fd322b52b979b6c9dfaf1","1"
"multiattr_100k_independent/repeat_insearch/ef32_run4.log","750","7f6facc56fd5082a427b814efdf13e6072336353c944d36625302b7f3c899736","1"
"multiattr_100k_independent/repeat_insearch/ef32_run5.log","750","5d0cc13647ef2e46b6a381da9f1b986a94e9cec35066f9a8a51b8b8d364905f5","1"
"multiattr_100k_independent/repeat_insearch/ef64_run1.log","750","271a405138398cab98a947b6d39cc0692b3f84a981fed69fceb93b672e4318b3","1"
"multiattr_100k_independent/repeat_insearch/ef64_run2.log","750","840fa4ae13b2f7a7c2facbeb550f986a7e2a7721616d290307b812f024dbf0ef","1"
"multiattr_100k_independent/repeat_insearch/ef64_run3.log","750","dcb7abbed971a71bdce9ba897f87f8584d62eb3ecff13c4459469dde1b0e11f0","1"
"multiattr_100k_independent/repeat_insearch/ef64_run4.log","750","6fdb81980737cac349991f177d3466d7158def1b6b3d0c43a6cf56d815e8c210","1"
"multiattr_100k_independent/repeat_insearch/ef64_run5.log","750","be97a55b672e90ffd28d07e0620ea44109d7d9b2e2fde180104c04af6d41306c","1"
"multiattr_100k_independent/repeat/dsg_ef128_run1.log","895","3e5e331f54ae2eb92a6d12f7453d09c49eb1a2243800d4370350852018bf6e44","1"
"multiattr_100k_independent/repeat/dsg_ef128_run2.log","895","f71d4bbbe36655a522516f63bf93fc90b65d6ddbc92318c07d2a85e3ae5ad559","1"
"multiattr_100k_independent/repeat/dsg_ef128_run3.log","895","71261beff0e92f81c7d5980e436a1999668ae34015be462922566ccbb2da01f7","1"
"multiattr_100k_independent/repeat/dsg_ef128_run4.log","895","b05bf9d73093613a71fbd2321648e993c35445c9c364ad6ffc12acdbf6f1cb79","1"
"multiattr_100k_independent/repeat/dsg_ef128_run5.log","895","f330c3c8b25046a1c49f9fef37aad6506db60196a3d36a08568d9d436b03250f","1"
"multiattr_100k_independent/repeat/dsg_ef256_run1.log","895","6c3b2395ac9765c313cb0453ee0d94ac3602740d2d71eb409758ddc810bcabb8","1"
"multiattr_100k_independent/repeat/dsg_ef256_run2.log","895","93d2e14550633f456e468c54430b859829fe4a0ecac53af020ea64218c11218c","1"
"multiattr_100k_independent/repeat/dsg_ef256_run3.log","895","56f09fa912f736983261ac00e27c86b4991271a8910cef9d2832aaa208a3f6be","1"
"multiattr_100k_independent/repeat/dsg_ef256_run4.log","895","83325c2e07bef4aa5c968a56be15cf944908aca037d93680a092fe4a0b33b5b2","1"
"multiattr_100k_independent/repeat/dsg_ef256_run5.log","895","93c448e719d28519832f491c3988509994ca9de6632bcc94ffe4c788ecfae6aa","1"
"multiattr_100k_independent/repeat/dsg_ef512_run1.log","891","cfc5189b7a2ceaf485e976158a467ed561158ad6094828f718c82434884905b0","1"
"multiattr_100k_independent/repeat/dsg_ef512_run2.log","895","8c0f8949c3f54d8d0f13781c269c3d7fbd2e421d357431caaede1f30c6689ca6","1"
"multiattr_100k_independent/repeat/dsg_ef512_run3.log","895","e27a35f3d5bf71ee3430c89c4ed53504ca346b614706a5e5c3556ee4f8e09398","1"
"multiattr_100k_independent/repeat/dsg_ef512_run4.log","891","ef7b7479b7fdf694235ed4ddd9d9363240d71a5bd346a234e3d7192b70fe4621","1"
"multiattr_100k_independent/repeat/dsg_ef512_run5.log","895","fcb1c8926298b6e475a9b8cc815ffd50fed46d02cf65b1e7421c2bcca750d0e3","1"
"multiattr_100k_independent/repeat/hnsw_c1024_run1.log","731","75bb27519c93546b485bde63041a940c786f785aaef6a0738f2ad5200e1de536","1"
"multiattr_100k_independent/repeat/hnsw_c1024_run2.log","731","6c52330e65a5a7d17662ac392373bb99461ccebf6aebdd33784f2c748c39da65","1"
"multiattr_100k_independent/repeat/hnsw_c1024_run3.log","731","1abe08c46d13d1fa474422f062b17704f9c38607cb55fd1aa26722ac26444349","1"
"multiattr_100k_independent/repeat/hnsw_c1024_run4.log","731","7eaa515a95f080998697d3e28d6843ba34cdeb232cd28afcc426e21093227264","1"
"multiattr_100k_independent/repeat/hnsw_c1024_run5.log","731","f462f3522c050dedc30fc2b441bae78e7d994e04de9e60b94556c09fb754cf00","1"
"multiattr_100k_independent/repeat/hnsw_c2048_run1.log","731","dc622058c88baf86f4b0a709f4ccf4b966d2c5a8f0efa02672a4bb991249f28c","1"
"multiattr_100k_independent/repeat/hnsw_c2048_run2.log","731","1d36f00ac8e4d1cc09f3a5bb38194f7b1e6054b4c394c67c112b705a36bb6493","1"
"multiattr_100k_independent/repeat/hnsw_c2048_run3.log","731","39a9bbff1c29ee4984d7e2c3e3893e0427413c06acef6bb688bac0e55579db9d","1"
"multiattr_100k_independent/repeat/hnsw_c2048_run4.log","731","cab5bdae50d3ee1a9f6e7da2540f0430ced6443ac9c6332a4a97d1cab1773b5c","1"
"multiattr_100k_independent/repeat/hnsw_c2048_run5.log","731","052eb1178fad8b9d0088799163624dd5305986dc5ad6d91d63462f53319aaaaa","1"
"multiattr_100k_independent/repeat/hnsw_c8192_run1.log","735","62ef93af7dd51186472d52aa475f3223bb34aa61f9d36fe3aa83042b9c0c0c5f","1"
"multiattr_100k_independent/repeat/hnsw_c8192_run2.log","735","a034978e83baef90fb27eeb247a8dc9150a1939502d75f94fb9e6d405a342f13","1"
"multiattr_100k_independent/repeat/hnsw_c8192_run3.log","735","b73aa769b69644173a4e23c68e75a3b771da1ebd73de345ea26630ffebf3366d","1"
"multiattr_100k_independent/repeat/hnsw_c8192_run4.log","735","287b95e4a28f9a2bf2463bd3a8a435e018b93ceecf036002631d97b10923b7bc","1"
"multiattr_100k_independent/repeat/hnsw_c8192_run5.log","735","fe73f89a1c9ac830bd448f243375bd95baee34019a4d2247c3a641cadcc126d9","1"
"multiattr_10k_balanced/multi_dsg/adaptive_ef16.log","526","0b7b24005489d915e739793bf9f1919630fe103b0a3accbed6bff41625ffb96e","1"
"multiattr_10k_balanced/multi_dsg/adaptive_profiles_ef16.log","859","6a348546ab52bc4fe1e47b8ede8ffa01f4d6e9950428ee1b481e7e0e038cae56","1"
"multiattr_10k_balanced/multi_dsg/adaptive_profiles_ef20.log","859","d22cbccc4ec2a7b46a8c3ce819630f67db038f61b7c3789e2ba3ee22a0d2764e","1"
"multiattr_10k_balanced/multi_dsg/adaptive_profiles_ef24.log","859","08d2bc3fb307617dc2aec81f31f1cb826252e6721b356d0f2ba08e88cb118471","1"
"multiattr_10k_balanced/multi_dsg/adaptive_profiles_ef28.log","859","71545d94b16038462464f4732f42de6bfb73119ac4724b0baea3e5ed2ad789bb","1"
"multiattr_10k_balanced/multi_dsg/adaptive_profiles_ef32.log","859","88bb638a6f6b26d5360236cf4196bbd7ac6510a0712d52b2198282b2bbf1622c","1"
"multiattr_10k_balanced/multi_dsg/build_attr0.log","887","3972daa2cecb1a7e5188d3fd0d3bc3cd6c4ea865604935dc2ace480ff3261505","0"
"multiattr_10k_balanced/multi_dsg/build_attr1.log","885","27e0a9a6e63dbebef0c2a6e41d4de73cc026e97a66facd4055d98269a63aea8c","0"
"multiattr_10k_balanced/multi_dsg/build_attr2.log","887","4f5fd93abd60c48d8864feef4481088f845e7f2a9cc2dd415879eaffd56d905f","0"
"multiattr_10k_balanced/multi_dsg/fixed_attr0_ef16.log","535","ccbcd0f7c4e12b70b98e6dfe9bed10457417fceed3a3d5e2fc715e1edae41426","1"
"multiattr_10k_balanced/multi_dsg/fixed_attr1_ef16.log","535","3649d3619031e0dfe2650933798fe2d21e0ebfd89db43d1959433748980153c5","1"
"multiattr_10k_balanced/multi_dsg/fixed_attr2_ef16.log","535","05bf7a7ed213ca0b67bf297b590704915da34ee508ceedee1bda313037d5d707","1"
"multiattr_10k/benchmark.log","3249","b16e55126d5cb7364ea3b2cc097f3530819eadde0dae5a49a6ff231be8c5b7c3","5"
"multiattr_10k/bridge2.log","1971","4a5c0ea79eabd134d38ffe21afb2b29ab7479acfbec868d23fe8365cdd477f71","3"
"multiattr_10k/high_quality.log","2617","04815756946d3f32e00eb0df548ed83a8777ee4de520db4f72b748fec1086d99","4"
"multiattr_10k/multi_dsg/adaptive_attr_stats_ef16.log","926","4e5c965ef1d0688beb46cb320ce6bd3f5bac692c341d8e7190e50dc364caf07b","1"
"multiattr_10k/multi_dsg/build_attr0.log","860","8558970ba7e38f605f6efacf68bf56f48baf3de3f1ace8682606c202546c9c9c","0"
"multiattr_10k/multi_dsg/build_attr1.log","859","e0eb937f18f36e2c584b94c366fecb7ec84c36050ac6ff5290753ad865716e54","0"
"multiattr_10k/multi_dsg/build_attr2.log","859","ba01367562bd68322c7ee649b215b9c83120750474c8dafa6d2fab363367e7b1","0"
"multiattr_10k/multi_dsg/fixed_attr0_ef1024.log","906","eaa9ac57cb353af208e7b9c5c954b05883455e54878b06638386c8a42a37127a","1"
"multiattr_10k/multi_dsg/fixed_attr0_ef128.log","900","d21cf7256a4240ed618ce1a5cb66c7080989b2e1f7f85781adb49886525ecdc3","1"
"multiattr_10k/multi_dsg/fixed_attr0_ef256.log","896","282b3dfe2e9474877fdb117cfd301e3dd6b94a1b26e2c4a0fee9859f22c33cfd","1"
"multiattr_10k/multi_dsg/fixed_attr0_ef512.log","895","65fabd1c511066a2fc8602b3f60b9ef82fba973529d6646b5e1b39aaf77cc4b7","1"
"multiattr_10k/multi_dsg/fixed_attr0_ef64.log","894","7b0fe0fc694991554ebfe9933c7a76d687197334829625e1d10a86de02cc9a05","1"
"multiattr_10k/multi_dsg/integrated_adaptive_ef16.log","880","63dcb17d367b9c1be49a68ed0a7683e8651ef6b23bee3005709a8472220984fb","1"
"multiattr_10k/multi_dsg/integrated_adaptive_ef32.log","883","280f2612372d762663232b5888515d0d59c05da596be13538194ba2192aa0dcf","1"
"multiattr_10k/multi_dsg/integrated_adaptive_ef64.log","884","f278b981d260e1a73a604631480b58a3dba7a60b2cb55f14541f2647d5f0b09b","1"
"multiattr_10k/multi_dsg/integrated_attr0_ef128.log","900","9dbff035b6dc45e83ff342deadf4cdef03ebca4e86f57ff2bffac85ee9a0db24","1"
"multiattr_10k/multi_dsg/integrated_attr0_ef16.log","890","ee0f8df297603ba3dcd517e40f72ea411e7dd9822588303861be94fd21a27e0f","1"
"multiattr_10k/multi_dsg/integrated_attr0_ef32.log","893","1fe4ab1abff268c635bfff3fadc32bedb1d73ae6386f783f87f785975419d45f","1"
"multiattr_10k/multi_dsg/integrated_attr0_ef64.log","894","bc27c03ced8ca4a9cc8e38d97161bbf48f88040596a4c63a27719bf365971e06","1"
"multiattr_10k/multi_dsg/integrated_attr1_ef16.log","890","0380ad55809e0a65b5a7241d6241449d7c1652e073597ff494d3b8e9cbd0c0b6","1"
"multiattr_10k/multi_dsg/integrated_attr1_ef32.log","894","264f57d125260f41c7f20bf7b30631bf399aa2ad1a90cd4886000adc4bc5543a","1"
"multiattr_10k/multi_dsg/integrated_attr1_ef64.log","894","318b93acc4b1362640508e4063a1b0a5ae133553b47804ea6cd26aeadae58f24","1"
"multiattr_10k/multi_dsg/integrated_attr2_ef16.log","890","309cb2026a5cee868e9c6a39050458ee660b7cb14a5a54cf74cfd3746caa5000","1"
"multiattr_10k/multi_dsg/integrated_attr2_ef32.log","894","ea5171a866d3275c825308d7d764a6520b235a8af50446618937ce468971589d","1"
"multiattr_10k/multi_dsg/integrated_attr2_ef64.log","894","e73e43e0463cbd16216af04448b85be4b0edeeecbb6823c28d938edb042b0e9b","1"
"multiattr_10k/no_mbr_M16_ef16.log","628","9611699a6c247ac7a6c53a5e8a80d0f2299747a6617cb8c36d6e443c79b72625","1"
"multiattr_10k/no_mbr.log","2645","b6619b687212b97a83c25af4748b3a70b0432c8e9b8146c0c447ca1fad14186a","4"
"remaining_20260707/deep10m_k100_high_ef.log","7298","036a971d65586310412f49b71ee847b852e987bab849677f1b3d2413cfbc8bcf","9"
"remaining_20260707/deep10m_topk_fixed.log","7153","3f312c2a5e11dcc396ba2ca1c859c61f36bc22757e161067ca04e265a5c52a2a","8"
"remaining_20260707/run.log","10392","a4bc263d0ade8c96c515644fa34d99c9b4f6949fc59c06863c16688b9882a662","5"
"routing_ablation_app/run.log","3311","ca13a6b6e8354e3dfa2b01f9604f61204e35088f1a5d6b854c40675a4b08b870","4"
"routing_ablation/run.log","3467","fa6d30bc20b6254332ed987880c0554a9b6294cf5e78fc8a9787d46512a78b85","2"
"sift1m_multiattr/build/build_attr0.log","866","50b4b69b9313621a19e25d8b9204d94a83a33d4a6797fef139c0d2a6f933c36b","0"
"sift1m_multiattr/build/build_attr1.log","868","2b36bb060cc64af9252b646eebb20f319c8d67dc5559898ace8cd0548a5b3086","0"
"sift1m_multiattr/build/build_attr2.log","868","8e7d09b422386493e46e0159198d191ba292ee97c5b0cb75e3c19bc9c8d2efc6","0"
"sift1m_multiattr/build/build_attr3.log","868","b1a1b992ddb1aaa7d833b6586e6323323eaf69e13d64f7d2f3ffdc1bff16f544","0"
"sift1m_multiattr/hnsw/build_M16.log","1218","0e9924942ad9fe938d0d853bf2d7b5830e11cccc796e7325f6816d7df1adacbc","0"
"sift1m_multiattr/hnsw/insearch_sel1_ef128.log","1111","c89aaf507d95bda68512f7c73b1949c7d4425e65cd6761e44c47e15af3326207","1"
"sift1m_multiattr/hnsw/insearch_sel1_ef256.log","1111","1d49a4bad0ce2c7224a7a2c1858865a4c5c948642f3176050338bafb84ffeea5","1"
"sift1m_multiattr/hnsw/insearch_sel1_ef512.log","1117","bae416bb7a480ca266f4f6ae1b7ff13841ba54adae0295d705e2bde3fc75ece5","1"
"sift1m_multiattr/hnsw/insearch_sel1_ef64.log","1092","33d8d9a2b1fa5a7c8a716a870a2da6086277df76aa8ce44ee5ca5824fd8e70bc","1"
"sift1m_multiattr/hnsw/insearch_sel10_ef128.log","1094","2e04b5030c90f1d7884da488759757aa8acc486235450d75168c7622df42f5d1","1"
"sift1m_multiattr/hnsw/insearch_sel10_ef256.log","1094","d55c92defc40ae794dbf3937cac87fef26f9c20f36300f8b3b1d015f8b8909bf","1"
"sift1m_multiattr/hnsw/insearch_sel10_ef512.log","1100","78ef6f1cc95d44f64beb0fc75c9009b40724e37756b0bb2e005943465da7dbf8","1"
"sift1m_multiattr/hnsw/insearch_sel10_ef64.log","1075","b95150504409c60067cf3efcdfe5b883fc2b65112bd6cd80a44eb93310ba7ef4","1"
"sift1m_multiattr/hnsw/nohup.log","25635","7d486de202c6ab60eb32fe21a78804ae49e5159a62e0bd3972c0d5b257ccae01","18"
"sift1m_multiattr/hnsw/post_sel1_c1024.log","1102","f55940da9c77d8bf37ce57ecbeaedcf9ee4fc3eb123d63fb96090bafcae21766","1"
"sift1m_multiattr/hnsw/post_sel1_c2048.log","1095","66ad784c061462a3a60a04dad6f4e967fb81493b3d96a9bde2276220c4770688","1"
"sift1m_multiattr/hnsw/post_sel1_c4096.log","1095","86c0f7674eb205c23e4fe8a8ee8db5b3e278dd7c0c28863bd5e6ca3b15da87c6","1"
"sift1m_multiattr/hnsw/post_sel1_c512.log","1087","e3bbb78d349073a5dbe133e639cb265566a87554b25ee3c27556829cc6d3cf4e","1"
"sift1m_multiattr/hnsw/post_sel1_c8192.log","1101","19f71f09934a83d1c7f20b88341824db608e5747d2abb7bb11d3a1943823d622","1"
"sift1m_multiattr/hnsw/post_sel10_c1024.log","1096","440024b509a8204a110f87594047b19bee1bd3ff087aa687dd99f7a1ad8121fe","1"
"sift1m_multiattr/hnsw/post_sel10_c2048.log","1096","db3a48241ce974b51ff6b0cdd0f47c9b18627b20d75cf6323616573c5b22b503","1"
"sift1m_multiattr/hnsw/post_sel10_c4096.log","1096","050f20326840d826e9104a0af90e960db60dcf2c183e4df3430199370db29597","1"
"sift1m_multiattr/hnsw/post_sel10_c512.log","1076","2d3ae70bfd18913aaee012c73e3311cf90e92d95efac0c6ea381b53e81cef6e6","1"
"sift1m_multiattr/hnsw/post_sel10_c8192.log","1102","ac02bf2a9623adef869386bd8dfba931aa5a7eda0cc32bab792307a9caa83bc0","1"
"sift1m_multiattr/hnsw/summary.log","3993","c8b8330319a3d6877f5f399565d8fcdbfaf46c29820e8643f56d48ae31aa4a64","0"
"sift1m_multiattr/logs/run_all.log","24826","41f631b9ee3d264cd0d428acea7588f9c940545893e54942c094cabaaf9fd8c6","10"
"sift1m_multiattr/prepare/full_reorder.log","911","36dd1e6128d1f5da21511c676785716aaa3726e524915e61c683ff5ffb4f4eb7","0"
"sift1m_multiattr/prepare/small_reorder.log","954","20fa64944c7bd7b2f9522cdec07c67b6f88d1f3404a404ee36dae5afde327043","0"
"sift1m_multiattr/query_sampled_seed20260709/dsg_sel1_ef1024.log","1259","a361052c15b1fc497fbf20047d178356454e1d2db41ef5bf35a249fe1be84f2b","1"
"sift1m_multiattr/query_sampled_seed20260709/dsg_sel10_ef512.log","1241","aeb06773d2a0011aec36d0f6b01e68665f7080c81fab0e99846cf83f5561cb95","1"
"sift1m_multiattr/query_sampled_seed20260709/insearch_sel1_ef64.log","1092","1beffb97052047f39acf4aba9e11ae2edc5743ce8dbb41c67e8a9ffce071aa2e","1"
"sift1m_multiattr/query_sampled_seed20260709/insearch_sel10_ef256.log","1094","3b394f1ae5204dca79efd65bb481ed0a805a2057ecc461567698474ccc6d272b","1"
"sift1m_multiattr/query_sampled_seed20260709/post_sel1_c8192.log","1101","12d12368827e81ab6bd4473e44ece2eb8ba8be9cedd7cda28d5d4f06deaaf9ed","1"
"sift1m_multiattr/query_sampled_seed20260709/post_sel10_c2048.log","1096","78a436bd94652c657627f5f1df4d46f073aa5088286898f717d4c7af6c033dd9","1"
"sift1m_multiattr/query_sampled_seed20260709/summary.log","1347","30f09d9dc47cac627b186b4fcfd74c14f72078e01be05008b1cba5857b2308b0","0"
"sift1m_multiattr/query/full_sel1_ef1024.log","1259","4e63c354c313a99abd20c9392dd6c4ca57d26df8db4897b66411df1020566d18","1"
"sift1m_multiattr/query/full_sel1_ef2048.log","1259","b1058e152ba6b7a74ce97ee080c3a2c1a25f119e7de71406f30ab1612ee312e9","1"
"sift1m_multiattr/query/full_sel1_ef512.log","1246","2c06eeed0a93d661dd9fe8e09ccfd9a45b6bb2a6e92a4828769f6ac6dda6cfff","1"
"sift1m_multiattr/query/full_sel10_ef1024.log","1254","6b605cea37af039158ebd1c66259db7c4613b7045bc7933d7e8525068b69ba5c","1"
"sift1m_multiattr/query/full_sel10_ef2048.log","1254","fd2cf073fc8dab66441cf6388fb1545107ae8a69f065a52bd81242eb337d97b8","1"
"sift1m_multiattr/query/full_sel10_ef512.log","1241","bd6d0a983c7b0aa1974b5eec5f0eaf6bda6cc7ec76925f0013bb663a88b14286","1"
"sift1m_multiattr/small/build_attr0.log","994","bf44437a36d9e45effbc21282da76c6aec932e8f2a8d826a6540559f055d6cff","0"
"sift1m_multiattr/small/build_attr1.log","993","7882e3babd334c1f28da9f5d68646029a6b956b5d7f27d991dc5ce3860b33e3e","0"
"sift1m_multiattr/small/build_attr2.log","993","5c66796ea89337d1d6b889047afd9566d7d34ab25e545397f4d441b49a25c0b0","0"
"sift1m_multiattr/small/build_attr3.log","994","17586f94b9f912eaeedcf4604fdae35a115764ebbca667d1bbff67ebfc87293a","0"
"sift1m_multiattr/small/query_sel1_ef1024.log","1265","5c08f15ec14167de7d643858560e1d49844d7396d10ac9930ff9b4bd054a8ea2","1"
"sift1m_multiattr/small/query_sel1_ef512.log","1258","67872b33e18eec900854a88f74d6d6a2d1bb6aeb12acf6a66e7adf060e6d42e4","1"
"sift1m_multiattr/small/query_sel10_ef1024.log","1260","d8506e2a546434c379b14d92bda10f0724f47c543d8b9ad5283721a18c5fd1af","1"
"sift1m_multiattr/small/query_sel10_ef512.log","1253","adbe22e67ddfa6ad80040e4bead3b03743b2e9371effc794d40488a10221a430","1"
